"NVP_BID_NR","SVC_GRP_NR","PND_STS_CD","CPE_ETM_RPP_A","SVC_GRP_TRG_PSE_A","SVC_TRG_LOW_RNG_A","SVC_TRG_HI_RNG_A","TRG_PSE_FCR_NR"
"P000022997","AHYKJKO"," ",15.9579,14.603,16.463,14.274,"0228"
"P000022997","AHYKJKP"," ",24.4876,21.82,24.585,21.331,"0228"
"P000022997","AHYKJKQ"," ",15.3595,13.782,15.61,13.459,"0228"
"P000022997","AHYKJKR"," ",22.6649,20.16,22.777,19.698,"0228"
"P000022997","AHYKJKS"," ",10.8827,10.032,11.209,9.824,"0228"
"P000022997","AHYKJKT"," ",9.4143,7.966,9.065,7.772,"0228"
"P000022997","AHYKJKU"," ",12.2101,11.046,12.334,10.819,"0228"
"P000022997","AHYKJKV"," ",13.5208,12.324,13.884,12.048,"0228"
"P000022997","AHYKJKW"," ",20.5029,18.575,20.657,18.207,"0228"
"P000022997","AHYKJKX"," ",9.542,9.572,10.283,9.497,"0228"
"P000022997","AHYKJKY"," ",7.8544,7.511,8.049,7.454,"0228"
"P000022997","AHYKJKZ"," ",35.0858,30.549,35.444,29.684,"0228"
"P000022997","AHYKJLA"," ",21.9813,19.87,22.996,19.318,"0228"
"P000022997","AHYKJLB"," ",35.8627,31.094,36.099,30.209,"0228"
"P000022997","AHYKJLC"," ",39.0779,34.159,39.534,33.21,"0228"
"P000022997","AHYKJLD"," ",35.5951,31.052,36.044,30.169,"0228"
"P000022997","AHYKJLE"," ",46.6851,40.857,47.223,39.732,"0228"
"P000022997","AHYKJLF"," ",25.6575,23,26.51,22.38,"0228"
"P000022997","AHYKJLG"," ",37.9022,32.958,38.133,32.044,"0228"
"P000022997","AHYKJLH"," ",29.2035,25.036,27.889,24.531,"0228"
"P000022997","AHYKJLI"," ",29.3453,25.156,28.023,24.649,"0228"
"P000022997","AHYKJLJ"," ",28.7086,25.129,29.213,24.407,"0228"
"P000022997","AHYKJLK"," ",32.7101,28.551,33.11,27.745,"0228"
"P000022997","AHYKJLL"," ",648.239,559.58,641.402,545.119,"0228"
"P000022997","AHYKJLU"," ",69.4464,60.938,67.913,59.705,"0228"
"P000022997","AHYKJLV"," ",69.4464,61.034,68.009,59.801,"0228"
"P000022997","AHYKJLW"," ",75.8562,66.225,72.384,65.136,"0228"
"P000022997","AHYKJLX"," ",45.0762,40.274,45.069,39.427,"0228"
"P000022997","AHYKJLY"," ",75.8562,66.61,74.506,65.214,"0228"
"P000022997","AHYKJLZ"," ",75.8562,66.136,71.892,65.119,"0228"
"P000022997","AHYKJMA"," ",45.0762,40.212,44.82,39.397,"0228"
"P000022997","AHYKJMB"," ",75.8562,66.541,74.163,65.194,"0228"
"P000022997","AHYKJMC"," ",24.0103,20.737,23.083,20.323,"0228"
"P000022997","AHYKJMD"," ",24.0103,20.701,23.047,20.286,"0228"
"P000022997","AHYKJME"," ",1048.9195,897.339,997.709,879.6,"0228"
"P000022997","AHYKJMF"," ",18.9778,17.934,19.042,17.817,"0228"
"P000022997","AHYKJMG"," ",17.4224,16.458,17.507,16.348,"0228"
"P000022997","AHYKJMO"," ",20.0889,20.087,21.525,19.952,"0228"
"P000022997","AHYKJMU"," ",8.9224,8.926,9.456,8.87,"0228"
"P000023012","AHZWBQW"," ",17.5237,17.71,19.245,17.547,"0229"
"P000023012","AHZWBQX"," ",51.1345,51.967,56.919,51.441,"0229"
"P000023012","AHZWBQY"," ",16.6728,16.823,18.308,16.665,"0229"
"P000023012","AHZWBQZ"," ",37.0438,36.919,40.507,36.539,"0229"
"P000023012","AHZWBRB"," ",11.9353,12.193,13.179,12.088,"0229"
"P000023012","AHZWBRC"," ",11.9353,12.232,13.246,12.125,"0229"
"P000023012","AHZWBRD"," ",12.7569,13.156,14.18,13.047,"0229"
"P000023012","AHZWBRE"," ",26.7822,27.218,29.592,26.966,"0229"
"P000023012","AHZWBSE"," ",9.8745,10.254,10.972,10.178,"0229"
"P000023012","AHZWBSF"," ",10.2349,9.738,10.237,9.524,"0229"
"P000023012","AHZWBSO"," ",6.9703,5.922,6.219,5.795,"0229"
"P000023012","AHZWBTY"," ",41.4748,40.74,44.746,40.315,"0229"
"P000023012","AHZWBTZ"," ",25.9839,25.923,28.48,25.651,"0229"
"P000023012","AHZWBVA"," ",42.3931,41.526,45.622,41.092,"0229"
"P000023012","AHZWBVC"," ",46.1939,45.307,49.706,44.841,"0229"
"P000023012","AHZWBVD"," ",42.0769,41.23,45.316,40.797,"0229"
"P000023012","AHZWBVE"," ",55.1864,54.118,59.328,53.566,"0229"
"P000023012","AHZWBVF"," ",30.3296,30.273,33.145,29.968,"0229"
"P000023012","AHZWBVG"," ",44.8041,43.983,48.219,43.534,"0229"
"P000023012","AHZWBVH"," ",31.7003,30.933,33.269,30.686,"0229"
"P000023012","AHZWBVI"," ",31.8542,31.082,33.429,30.833,"0229"
"P000023012","AHZWBVJ"," ",33.9365,33.408,36.75,33.054,"0229"
"P000023012","AHZWBVK"," ",38.6665,37.99,41.721,37.594,"0229"
"P000023012","AHZWBVL"," ",766.2816,748.912,815.876,741.809,"0229"
"P000023012","AHZWBWX"," ",75.7022,75.16,80.868,74.554,"0229"
"P000023012","AHZWBWY"," ",75.7022,75.24,80.948,74.635,"0229"
"P000023012","AHZWBWZ"," ",82.6893,82.15,87.191,81.616,"0229"
"P000023012","AHZWBXA"," ",49.1366,49.465,53.389,49.048,"0229"
"P000023012","AHZWBXC"," ",82.6893,82.127,88.589,81.441,"0229"
"P000023012","AHZWBXD"," ",82.6893,82.126,86.836,81.626,"0229"
"P000023012","AHZWBXE"," ",49.1366,49.407,53.179,49.007,"0229"
"P000023012","AHZWBXF"," ",82.6893,82.098,88.336,81.437,"0229"
"P000023012","AHZWBXG"," ",26.0631,25.558,27.478,25.354,"0229"
"P000023012","AHZWBXH"," ",26.0631,25.527,27.447,25.323,"0229"
"P000023012","AHZWBXI"," ",1143.4066,1115.182,1197.326,1106.47,"0229"
"P000023012","AHZWBYY"," ",19.5445,16.644,17.388,16.325,"0229"
"P000023012","AHZWBYZ"," ",17.9426,15.291,15.995,14.989,"0229"
"P000023016","AHZYKBS"," ",14.776,12.681,15.487,11.681,"0230"
"P000023016","AHZYKBT"," ",80.969,72.058,87.858,66.427,"0230"
"P000023016","AHZYKBU"," ",13.9573,11.827,14.502,10.874,"0230"
"P000023016","AHZYKBV"," ",87.4465,79.669,96.462,73.685,"0230"
"P000023016","AHZYKBW"," ",12.2649,10.277,12.053,9.644,"0230"
"P000023016","AHZYKBX"," ",80.7686,69.656,82.048,65.24,"0230"
"P000023016","AHZYKBY"," ",14.1015,12.208,14.231,11.488,"0230"
"P000023016","AHZYKBZ"," ",92.8485,79.555,93.705,74.512,"0230"
"P000023016","AHZYKCA"," ",51.0044,42.856,49.764,40.394,"0230"
"P000023016","AHZYKCB"," ",15.1219,15.26,15.402,15.118,"0230"
"P000023016","AHZYKCC"," ",15.7239,15.259,15.401,15.117,"0230"
"P000023016","AHZYKCE"," ",19.9669,18.425,22.272,17.054,"0230"
"P000023016","AHZYKCF"," ",32.5762,26.998,33.16,24.802,"0230"
"P000023016","AHZYKCH"," ",32.3332,26.987,33.133,24.797,"0230"
"P000023016","AHZYKCJ"," ",23.3062,21.324,25.645,19.785,"0230"
"P000023016","AHZYKCK"," ",34.4289,28.494,34.865,26.224,"0230"
"P000023016","AHZYKCL"," ",27.9452,21.944,25.457,20.692,"0230"
"P000023016","AHZYKCM"," ",28.0809,22.051,25.581,20.794,"0230"
"P000023016","AHZYKCT"," ",43.0298,38.129,44.032,36.025,"0230"
"P000023016","AHZYKCU"," ",72.4124,60.913,70.634,57.449,"0230"
"P000023016","AHZYKCY"," ",22.9758,18.321,21.209,17.292,"0230"
"P000023016","AHZYKDB"," ",22.0296,19.77,19.914,19.626,"0230"
"P000023016","AHZYKDC"," ",27.704,23.789,23.976,23.603,"0230"
"P000023066","AJDNFZK"," ",14.5727,16.584,19.774,16.319,"0230"
"P000023066","AJDNFZL"," ",31.6015,34.272,41.214,33.695,"0230"
"P000023066","AJDNFZM"," ",10.8149,12.459,14.857,12.259,"0230"
"P000023066","AJDNFZN"," ",53.4673,60.522,72.173,59.554,"0230"
"P000023066","AJDNFZO"," ",12.5395,15.558,17.897,15.363,"0230"
"P000023066","AJDNFZP"," ",15.898,16.815,19.945,16.555,"0230"
"P000023066","AJDNFZQ"," ",14.169,17.128,19.707,16.914,"0230"
"P000023066","AJDNFZR"," ",14.169,17.244,19.943,17.019,"0230"
"P000023066","AJDNFZS"," ",21.1638,23.488,27.333,23.168,"0230"
"P000023066","AJDNFZT"," ",6.365,7.106,8.023,7.017,"0230"
"P000023066","AJDNFZU"," ",6.6557,6.652,7.571,6.563,"0230"
"P000023066","AJDNFZV"," ",36.9585,42.581,51.133,41.871,"0230"
"P000023066","AJDNFZW"," ",23.1545,28.38,33.839,27.927,"0230"
"P000023066","AJDNFZX"," ",37.7769,43.257,52,42.531,"0230"
"P000023066","AJDNFZY"," ",41.1638,47.328,56.717,46.548,"0230"
"P000023066","AJDNFZZ"," ",37.4951,43.327,52.048,42.602,"0230"
"P000023066","AJDNGBA"," ",49.1771,56.805,67.926,55.881,"0230"
"P000023066","AJDNGBB"," ",27.027,32.76,38.891,32.25,"0230"
"P000023066","AJDNGBC"," ",39.9254,45.787,54.827,45.036,"0230"
"P000023066","AJDNGBD"," ",29.9367,33.86,38.845,33.446,"0230"
"P000023066","AJDNGBE"," ",30.0821,34.024,39.033,33.608,"0230"
"P000023066","AJDNGBF"," ",30.2411,35.205,42.339,34.613,"0230"
"P000023066","AJDNGBG"," ",34.4561,39.95,47.914,39.288,"0230"
"P000023066","AJDNGBH"," ",682.8404,778.491,921.425,766.615,"0230"
"P000023066","AJDNGBI"," ",71.2834,84.142,96.326,83.129,"0230"
"P000023066","AJDNGBJ"," ",71.2834,84.366,96.551,83.354,"0230"
"P000023066","AJDNGBK"," ",77.8627,91.635,102.394,90.741,"0230"
"P000023066","AJDNGBL"," ",46.2686,56.481,64.857,55.785,"0230"
"P000023066","AJDNGBM"," ",77.8627,92.084,105.878,90.938,"0230"
"P000023066","AJDNGBN"," ",77.8627,91.444,99.928,90.609,"0230"
"P000023066","AJDNGBO"," ",46.2686,56.275,64.326,55.606,"0230"
"P000023066","AJDNGBP"," ",77.8627,91.928,105.242,90.822,"0230"
"P000023066","AJDNGBQ"," ",24.6131,28.154,32.252,27.813,"0230"
"P000023066","AJDNGBR"," ",24.6131,28.07,32.168,27.729,"0230"
"P000023066","AJDNGBS"," ",1076.6658,1215.796,1391.13,1201.228,"0230"
"P000023066","AJDNGBT"," ",18.9778,19.377,21.661,19.155,"0230"
"P000023066","AJDNGBU"," ",17.4224,17.728,19.887,17.518,"0230"
"P000023069","AJDWGRP"," ",16.7029,19.904,22.781,19.665,"0230"
"P000023069","AJDWGRQ"," ",64.0535,70.862,83.229,69.833,"0230"
"P000023069","AJDWGRR"," ",16.0441,19.161,21.989,18.926,"0230"
"P000023069","AJDWGRS"," ",24.4475,28.558,32.744,28.209,"0230"
"P000023069","AJDWGRT"," ",11.6801,14.521,16.412,14.364,"0230"
"P000023069","AJDWGRU"," ",64.1882,69.33,79.833,68.455,"0230"
"P000023069","AJDWGRV"," ",13.2295,15.993,18.106,15.817,"0230"
"P000023069","AJDWGRW"," ",13.2295,15.789,18.001,15.605,"0230"
"P000023069","AJDWGRX"," ",39.2413,41.341,47.309,40.845,"0230"
"P000023069","AJDWGRY"," ",14.3254,15.959,18.578,15.728,"0230"
"P000023069","AJDWGRZ"," ",16.4119,17.311,20.197,17.056,"0230"
"P000023069","AJDWGSA"," ",33.4615,37.954,45.069,37.362,"0230"
"P000023069","AJDWGSB"," ",20.9637,25.374,29.916,24.996,"0230"
"P000023069","AJDWGSC"," ",31.242,37.658,44.292,37.106,"0230"
"P000023069","AJDWGSD"," ",37.2689,42.732,50.544,42.082,"0230"
"P000023069","AJDWGSE"," ",33.9473,38.949,46.206,38.345,"0230"
"P000023069","AJDWGSF"," ",44.524,50.979,60.232,50.209,"0230"
"P000023069","AJDWGSG"," ",24.4697,29.553,34.655,29.129,"0230"
"P000023069","AJDWGSH"," ",99.5579,119.324,139.657,117.631,"0230"
"P000023069","AJDWGSI"," ",28.5694,31.894,36.041,31.549,"0230"
"P000023069","AJDWGSJ"," ",28.7081,32.048,36.216,31.701,"0230"
"P000023069","AJDWGSK"," ",27.3797,31.719,37.655,31.225,"0230"
"P000023069","AJDWGSL"," ",31.1959,35.904,42.531,35.352,"0230"
"P000023069","AJDWGSM"," ",618.2308,700.266,819.193,690.365,"0230"
"P000023069","AJDWGSY"," ",18.5417,20.017,22.626,19.788,"0230"
"P000023069","AJDWGSZ"," ",40.3465,44.097,49.984,43.579,"0230"
"P010031129","AHSCWHF"," ",18.4956,18.585,20.444,18.283,"0226"
"P010031129","AHSCWHG"," ",108.4009,109.544,120.765,107.717,"0226"
"P010031129","AHSCWHH"," ",16.402,16.882,18.454,16.626,"0226"
"P010031129","AHSCWHI"," ",90.8166,91.643,100.904,90.135,"0226"
"P010031129","AHSCWHJ"," ",11.6574,11.781,12.817,11.612,"0226"
"P010031129","AHSCWHK"," ",42.6273,43.022,46.927,42.386,"0226"
"P010031129","AHSCWHL"," ",13.8138,14.376,15.537,14.188,"0226"
"P010031129","AHSCWHM"," ",13.8138,14.173,15.387,13.975,"0226"
"P010031129","AHSCWHN"," ",32.2656,32.603,35.285,32.166,"0226"
"P010031129","AHSCWHO"," ",8.5383,8.862,10.011,8.791,"0226"
"P010031129","AHSCWHP"," ",5.8002,5.688,6.382,5.645,"0226"
"P010031129","AHSCWHQ"," ",36.9585,37.379,41.36,36.73,"0226"
"P010031129","AHSCWHR"," ",23.1545,23.994,26.536,23.58,"0226"
"P010031129","AHSCWHS"," ",37.7769,37.896,41.967,37.233,"0226"
"P010031129","AHSCWHT"," ",41.1638,41.455,45.826,40.743,"0226"
"P010031129","AHSCWHU"," ",87.6836,89.498,98.504,88.032,"0226"
"P010031129","AHSCWHV"," ",49.1771,49.599,54.777,48.756,"0226"
"P010031129","AHSCWHW"," ",27.652,29.006,31.963,28.524,"0226"
"P010031129","AHSCWHX"," ",39.9254,40.084,44.293,39.398,"0226"
"P010031129","AHSCWHY"," ",29.9367,29.373,31.694,28.995,"0226"
"P010031129","AHSCWHZ"," ",30.0821,29.511,31.844,29.132,"0226"
"P010031129","AHSCWJA"," ",30.2411,30.487,33.809,29.946,"0226"
"P010031129","AHSCWJB"," ",34.4561,34.764,38.473,34.16,"0226"
"P010031129","AHSCWJC"," ",682.8404,680.121,746.673,669.283,"0226"
"P010031129","AHSCWJD"," ",71.2834,71.327,77.001,70.404,"0226"
"P010031129","AHSCWJE"," ",154.134,151.724,162.194,150.019,"0226"
"P010031129","AHSCWJF"," ",77.8627,77.033,82.043,76.217,"0226"
"P010031129","AHSCWJG"," ",46.2686,47.079,50.979,46.443,"0226"
"P010031129","AHSCWJH"," ",77.8627,78.052,84.475,77.006,"0226"
"P010031129","AHSCWJI"," ",77.8627,76.792,81.473,76.029,"0226"
"P010031129","AHSCWJJ"," ",46.2686,46.949,50.698,46.339,"0226"
"P010031129","AHSCWJK"," ",188.2686,186.991,201.647,184.604,"0226"
"P010031129","AHSCWJL"," ",24.6131,24.295,26.203,23.984,"0226"
"P010031129","AHSCWJM"," ",24.6131,24.259,26.168,23.949,"0226"
"P010031129","AHSCWJN"," ",1076.6658,1052.915,1134.553,1039.619,"0226"
"P010031129","AHSCWJO"," ",18.9778,18.959,20.977,18.834,"0226"
"P010031129","AHSCWJP"," ",17.4224,17.349,19.257,17.23,"0226"
"P010031180","AHTWJTH"," ",11.0096,10.308,11.173,10.084,"0226"
"P010031180","AHTWJTI"," ",18.2385,18.816,20.928,18.642,"0226"
"P010031180","AHTWJTJ"," ",82.9263,84.329,94.899,83.454,"0226"
"P010031180","AHTWJTK"," ",17.0008,17.548,19.572,17.38,"0226"
"P010031180","AHTWJTL"," ",32.057,32.398,36.467,32.062,"0226"
"P010031180","AHTWJVX"," ",19.302,17.17,18.389,16.854,"0226"
"P010031180","AHTWJWA"," ",26.386,23.962,25.723,23.505,"0226"
"P010031180","AHTWJWB"," ",27.0252,27.231,29.861,27.013,"0226"
"P010031180","AHTWJWC"," ",12.8311,11.594,12.563,11.343,"0226"
"P010031180","AHTWJXZ"," ",30.9473,30.798,33.787,30.551,"0226"
"P010031242","AHXNPZM"," ",15.8555,17.045,18.572,16.879,"0228"
"P010031242","AHXNPZN"," ",56.4287,57.162,62.845,56.546,"0228"
"P010031242","AHXNPZO"," ",15.0929,16.179,17.68,16.016,"0228"
"P010031242","AHXNPZP"," ",25.5885,25.907,28.552,25.62,"0228"
"P010031242","AHXNPZQ"," ",11.0605,12.061,13.043,11.955,"0228"
"P010031242","AHXNPZR"," ",44.5799,44.685,48.635,44.257,"0228"
"P010031242","AHXNPZS"," ",12.0285,13.066,14.096,12.955,"0228"
"P010031242","AHXNPZT"," ",14.4553,14.862,16.212,14.716,"0228"
"P010031242","AHXNPZU"," ",47.1639,47.613,51.509,47.191,"0228"
"P010031242","AHXNPZV"," ",10.7401,10.811,12.212,10.724,"0228"
"P010031242","AHXNPZW"," ",11.4497,11.252,12.67,11.164,"0228"
"P010031242","AHXNPZX"," ",35.0858,35.791,39.702,35.367,"0228"
"P010031242","AHXNPZY"," ",21.9813,23.325,25.822,23.054,"0228"
"P010031242","AHXNPZZ"," ",35.8627,36.473,40.472,36.04,"0228"
"P010031242","AHXNQBA"," ",39.0779,39.864,44.157,39.398,"0228"
"P010031242","AHXNQBB"," ",34.723,35.475,39.492,35.039,"0228"
"P010031242","AHXNQBC"," ",46.6851,47.601,52.687,47.049,"0228"
"P010031242","AHXNQBD"," ",25.6575,27.018,29.822,26.714,"0228"
"P010031242","AHXNQBE"," ",104.2209,108.344,119.53,107.131,"0228"
"P010031242","AHXNQBF"," ",29.2035,29.153,31.432,28.905,"0228"
"P010031242","AHXNQBG"," ",29.3453,29.292,31.582,29.043,"0228"
"P010031242","AHXNQBH"," ",28.7086,29.384,32.647,29.031,"0228"
"P010031242","AHXNQBI"," ",32.7101,33.45,37.092,33.055,"0228"
"P010031242","AHXNQBJ"," ",648.239,650.115,715.487,643.026,"0228"
"P010031242","AHXNQBW"," ",18.7446,18.358,20.23,18.241,"0228"
"P010031242","AHXNQBX"," ",35.1662,34.402,37.925,34.182,"0228"
"P010031242","AHXNQBY"," ",109.6616,126.418,125.408,142.947,"0228"
"P010031242","AHXNQCA"," ",44.0074,49.765,49.367,56.269,"0228"
"P010031242","AHXNQCB"," ",17.7017,16.941,18.399,16.724,"0228"
"P010031250","AHYBMQB"," ",7.128,7.096,7.595,7.052,"0228"
"P010031250","AHYBMQC"," ",7.128,7.249,7.749,7.205,"0228"
"P010031250","AHYBMQD"," ",18.7446,18.365,19.836,18.235,"0228"
"P010031250","AHYBMQE"," ",27.0482,26.569,28.702,26.38,"0228"
"P010031250","AHYBMQF"," ",35.0858,35.059,39.229,34.635,"0228"
"P010031250","AHYBMQG"," ",21.9813,22.581,25.243,22.31,"0228"
"P010031250","AHYBMQH"," ",35.8627,35.69,39.953,35.256,"0228"
"P010031250","AHYBMQI"," ",39.0779,39.058,43.637,38.593,"0228"
"P010031250","AHYBMQJ"," ",105.1131,106.16,118.589,104.896,"0228"
"P010031250","AHYBMQK"," ",46.6851,46.627,52.051,46.076,"0228"
"P010031250","AHYBMQL"," ",25.6575,26.203,29.193,25.899,"0228"
"P010031250","AHYBMQM"," ",37.9022,37.771,42.179,37.322,"0228"
"P010031250","AHYBMQN"," ",29.2035,28.677,31.108,28.43,"0228"
"P010031250","AHYBMQO"," ",29.3453,28.815,31.258,28.567,"0228"
"P010031250","AHYBMQP"," ",28.7086,28.749,32.228,28.396,"0228"
"P010031250","AHYBMQQ"," ",32.7101,32.723,36.607,32.328,"0228"
"P010031250","AHYBMQR"," ",648.239,642.152,711.857,635.063,"0228"
"P010031250","AHYBMQS"," ",8.063,7.864,8.601,7.799,"0228"
"P010031250","AHYBMQT"," ",8.8553,9.07,9.93,8.994,"0228"
"P010031250","AHYBMQU"," ",15.1624,15.025,16.343,14.891,"0228"
"P010031250","AHYBMQV"," ",11.3664,11.744,12.78,11.639,"0228"
"P010031250","AHYBMQW"," ",19.1716,19.141,20.964,18.955,"0228"
"P010031250","AHYBMQX"," ",12.5856,12.869,13.986,12.755,"0228"
"P010031250","AHYBMQY"," ",12.5856,12.908,14.077,12.79,"0228"
"P010031250","AHYBMQZ"," ",16.4946,16.904,18.453,16.746,"0228"
"P010031250","AHYBMRA"," ",35.6299,35.821,39.532,35.443,"0228"
"P010031250","AHYBMRB"," ",15.7092,16.102,17.606,15.949,"0228"
"P010031250","AHYBMRC"," ",25.5563,25.463,28.278,25.177,"0228"
"P010031259","AHYKRSN"," ",16.1544,12.667,16.194,12.261,"0228"
"P010031259","AHYKRSO"," ",43.074,33.642,43.151,32.547,"0228"
"P010031259","AHYKRSP"," ",15.5131,12.437,15.846,12.044,"0228"
"P010031259","AHYKRSQ"," ",11.7047,9.167,11.777,8.866,"0228"
"P010031259","AHYKRSR"," ",10.6178,8.476,10.54,8.238,"0228"
"P010031259","AHYKRSS"," ",21.7307,17.44,21.749,16.944,"0228"
"P010031259","AHYKRST"," ",14.1488,11.148,13.821,10.84,"0228"
"P010031259","AHYKRSU"," ",9.3295,7.587,9.509,7.365,"0228"
"P010031259","AHYKRSV"," ",20.9078,17.246,21.01,16.813,"0228"
"P010031259","AHYKRSW"," ",9.5718,8.951,9.676,8.758,"0228"
"P010031259","AHYKRTA"," ",8.9697,7.938,8.564,7.771,"0228"
"P010031259","AHYKRTC"," ",35.0858,27.255,35.672,26.285,"0228"
"P010031259","AHYKRTD"," ",21.9813,17.586,22.959,16.967,"0228"
"P010031259","AHYKRTE"," ",35.8627,27.664,36.27,26.672,"0228"
"P010031259","AHYKRTF"," ",39.0779,30.341,39.581,29.276,"0228"
"P010031259","AHYKRTG"," ",35.5951,27.483,36.067,26.494,"0228"
"P010031259","AHYKRTH"," ",46.6851,36.244,47.19,34.983,"0228"
"P010031259","AHYKRTI"," ",25.6575,20.531,26.566,19.836,"0228"
"P010031259","AHYKRTJ"," ",323.1092,257.018,330.625,248.538,"0228"
"P010031259","AHYKRTK"," ",29.2035,22.714,27.62,22.149,"0228"
"P010031259","AHYKRTL"," ",29.3453,22.823,27.753,22.255,"0228"
"P010031259","AHYKRTM"," ",28.7086,22.282,29.304,21.473,"0228"
"P010031259","AHYKRTN"," ",32.7101,25.336,33.176,24.433,"0228"
"P010031259","AHYKRTO"," ",648.239,500.748,641.437,484.539,"0228"
"P010031259","AHYKRTP"," ",113.0729,88.277,108.305,85.969,"0228"
"P010031259","AHYKRTQ"," ",180.1847,142.53,172.877,139.034,"0228"
"P010031259","AHYKRTR"," ",49.5134,38.987,46.693,38.1,"0228"
"P010031259","AHYKRTS"," ",28.9642,23.071,28.382,22.459,"0228"
"P010031259","AHYKRTT"," ",148.9223,118.031,144.52,114.979,"0228"
"P010031259","AHYKRTU"," ",97.3557,77.752,92.701,76.03,"0228"
"P010031259","AHYKRTV"," ",32.6479,25.927,31.618,25.271,"0228"
"P010031259","AHYKRTW"," ",180.5825,143.585,173.761,140.109,"0228"
"P010031259","AHYKRTX"," ",75.4336,60.437,73.287,58.957,"0228"
"P010031259","AHYKRTY"," ",48.1916,38.003,46.1,37.07,"0228"
"P010031259","AHYKRTZ"," ",972.1334,798.336,962.393,779.436,"0228"
"P010031259","AHYKRVA"," ",18.7446,16.649,17.738,16.359,"0228"
"P010031259","AHYKRVB"," ",33.3925,29.718,31.725,29.183,"0228"
"P010031259","AHYKRVC"," ",35.6332,46.618,46.209,52.743,"0228"
"P010031259","AHYKRVH"," ",10.2076,10.626,11.832,10.546,"0228"
"P010031274","AHYSHFP"," ",16.2604,14.949,16.787,14.661,"0228"
"P010031274","AHYSHFQ"," ",44.3116,39.992,44.915,39.221,"0228"
"P010031274","AHYSHFR"," ",15.6063,14.303,16.146,14.015,"0228"
"P010031274","AHYSHFS"," ",22.856,20.631,23.32,20.21,"0228"
"P010031274","AHYSHFT"," ",11.0381,10.194,11.353,10.013,"0228"
"P010031274","AHYSHFU"," ",22.2694,20.359,22.723,19.989,"0228"
"P010031274","AHYSHFV"," ",11.7074,10.715,11.919,10.526,"0228"
"P010031274","AHYSHFW"," ",11.7074,10.82,12.079,10.623,"0228"
"P010031274","AHYSHFX"," ",20.4733,18.755,20.762,18.44,"0228"
"P010031274","AHYSHFY"," ",8.4968,7.299,8.551,7.088,"0228"
"P010031274","AHYSHFZ"," ",6.2779,5.325,6.155,5.185,"0228"
"P010031274","AHYSHGA"," ",58.9417,52.194,59.78,51.006,"0228"
"P010031274","AHYSHGB"," ",21.7302,19.71,22.545,19.266,"0228"
"P010031274","AHYSHGC"," ",82.991,74.354,84.87,72.707,"0228"
"P010031274","AHYSHGD"," ",66.5686,59.609,68.189,58.265,"0228"
"P010031274","AHYSHGE"," ",90.3936,82.021,93.32,80.251,"0228"
"P010031274","AHYSHGF"," ",53.0192,47.044,53.702,46.001,"0228"
"P010031274","AHYSHGG"," ",23.6748,21.421,24.442,20.948,"0228"
"P010031274","AHYSHGH"," ",113.6857,101.631,115.769,99.417,"0228"
"P010031274","AHYSHGI"," ",44.6752,39.571,43.723,38.921,"0228"
"P010031274","AHYSHGJ"," ",31.7502,27.647,30.575,27.188,"0228"
"P010031274","AHYSHGK"," ",36.5521,32.836,37.605,32.089,"0228"
"P010031274","AHYSHGL"," ",39.2253,35.492,40.472,34.712,"0228"
"P010031274","AHYSHGM"," ",638.0659,573.855,648.24,562.205,"0228"
"P010031274","AHYSHGN"," ",98.7223,86.179,95.778,84.675,"0228"
"P010031274","AHYSHGO"," ",98.8159,86.923,95.466,85.585,"0228"
"P010031274","AHYSHGP"," ",60.0092,52.005,56.908,51.237,"0228"
"P010031274","AHYSHGQ"," ",36.1777,31.881,35.458,31.321,"0228"
"P010031274","AHYSHGR"," ",126.9022,111.455,123.461,109.574,"0228"
"P010031274","AHYSHGS"," ",85.6957,74.259,80.646,73.258,"0228"
"P010031274","AHYSHGT"," ",39.1503,34.405,38.114,33.825,"0228"
"P010031274","AHYSHGU"," ",167.4135,146.761,162.293,144.329,"0228"
"P010031274","AHYSHGV"," ",29.5501,26.687,29.567,26.236,"0228"
"P010031274","AHYSHGW"," ",49.4015,43.163,47.719,42.449,"0228"
"P010031274","AHYSHGX"," ",806.7851,718.718,792.111,707.223,"0228"
"P010031274","AHYSHGY"," ",18.9778,15.759,17.985,15.384,"0228"
"P010031274","AHYSHGZ"," ",22.1761,18.385,20.973,17.948,"0228"
"P010031324","AJBSPCP"," ",12.5281,11.622,12.443,11.447,"0229"
"P010031324","AJBSPCQ"," ",42.2783,39.61,42.399,39.018,"0229"
"P010031324","AJBSPCR"," ",10.4989,9.719,10.411,9.572,"0229"
"P010031324","AJBSPCS"," ",23.1885,21.574,23.099,21.251,"0229"
"P010031324","AJBSPCW"," ",7.8592,7.24,7.688,7.145,"0229"
"P010031324","AJBSPCX"," ",31.8058,29.461,31.291,29.073,"0229"
"P010031324","AJBSPCY"," ",10.1153,9.791,10.325,9.677,"0229"
"P010031324","AJBSPCZ"," ",18.0206,17.136,18.18,16.915,"0229"
"P010031324","AJBSPDI"," ",35.5086,32.864,34.762,32.461,"0229"
"P010031324","AJBSPDJ"," ",7.6979,7.733,8.196,7.665,"0229"
"P010031324","AJBSPDK"," ",9.4059,9.012,9.566,8.931,"0229"
"P010031324","AJBSPDL"," ",21.9928,23.916,25.946,23.796,"0229"
"P010031324","AJBSPDM"," ",10.9477,12.233,13.271,12.172,"0229"
"P010031324","AJBSPDN"," ",50.8874,54.742,59.387,54.465,"0229"
"P010031324","AJBSPDO"," ",24.4952,26.257,28.486,26.125,"0229"
"P010031324","AJBSPDP"," ",72.8934,78.81,85.498,78.413,"0229"
"P010031324","AJBSPDQ"," ",29.2637,31.103,33.742,30.946,"0229"
"P010031324","AJBSPDR"," ",16.0828,17.148,18.603,17.061,"0229"
"P010031324","AJBSPDS"," ",40.2701,42.605,46.22,42.39,"0229"
"P010031324","AJBSPDT"," ",30.4556,28.407,29.903,28.089,"0229"
"P010031324","AJBSPDU"," ",24.203,21.966,23.155,21.714,"0229"
"P010031324","AJBSPDV"," ",20.9651,22.984,24.934,22.868,"0229"
"P010031324","AJBSPDW"," ",23.1925,24.676,26.77,24.552,"0229"
"P010031324","AJBSPDX"," ",708.736,774.506,834.884,761.687,"0229"
"P010031324","AJBSPDY"," ",56.6246,52.883,55.775,52.269,"0229"
"P010031324","AJBSPDZ"," ",56.4251,52.685,55.592,52.068,"0229"
"P010031324","AJBSPFA"," ",61.8509,57.531,60.085,56.989,"0229"
"P010031324","AJBSPFB"," ",36.7538,35.217,37.205,34.795,"0229"
"P010031324","AJBSPFC"," ",70.0156,65.084,68.759,64.304,"0229"
"P010031324","AJBSPFD"," ",61.8509,57.427,59.813,56.92,"0229"
"P010031324","AJBSPFE"," ",36.7538,35.101,37.011,34.695,"0229"
"P010031324","AJBSPFF"," ",65.3084,60.279,63.479,59.599,"0229"
"P010031324","AJBSPFG"," ",19.8029,18.108,19.081,17.902,"0229"
"P010031324","AJBSPFH"," ",19.8029,18.075,19.048,17.869,"0229"
"P010031324","AJBSPFI"," ",855.2584,776.144,817.756,767.309,"0229"
"P010031324","AJBSPFJ"," ",25.3732,24.667,25.854,24.494,"0229"
"P010031324","AJBSPFK"," ",27.879,26.973,28.286,26.781,"0229"
"P010031324","AJBSPFL"," ",69.094,82.365,81.702,83.043,"0229"
"P010031324","AJBSPFM"," ",16.0024,14.245,15.37,14.145,"0229"
"P010031328","AJCCJJY"," ",14.078,14.234,14.851,14.063,"0229"
"P010031328","AJCCJJZ"," ",43.5965,43.793,45.7,43.263,"0229"
"P010031328","AJCCJKA"," ",13.9316,13.867,14.477,13.698,"0229"
"P010031328","AJCCJKB"," ",23.54,23.41,24.448,23.121,"0229"
"P010031328","AJCCJKC"," ",9.3604,9.23,9.587,9.131,"0229"
"P010031328","AJCCJKD"," ",41.686,41.922,43.55,41.47,"0229"
"P010031328","AJCCJKE"," ",11.5805,11.885,12.294,11.772,"0229"
"P010031328","AJCCJKF"," ",11.5805,11.819,12.247,11.701,"0229"
"P010031328","AJCCJKI"," ",8.8381,9.249,9.567,9.16,"0229"
"P010031328","AJCCJKN"," ",11.2632,11.437,12.346,11.341,"0229"
"P010031328","AJCCJXX"," ",7.9545,7.643,8.23,7.581,"0229"
"P010031328","AJCCJXY"," ",28.9867,28.928,30.454,28.504,"0229"
"P010031328","AJCCJXZ"," ",18.1602,18.877,19.852,18.607,"0229"
"P010031328","AJCCJYA"," ",29.6286,29.368,30.928,28.934,"0229"
"P010031328","AJCCJYB"," ",32.2849,32.204,33.88,31.738,"0229"
"P010031328","AJCCJYC"," ",29.4076,29.244,30.801,28.811,"0229"
"P010031328","AJCCJYD"," ",38.5698,38.438,40.423,37.887,"0229"
"P010031328","AJCCJYE"," ",21.1974,21.792,22.887,21.488,"0229"
"P010031328","AJCCJYF"," ",31.3136,31.158,32.772,30.71,"0229"
"P010031328","AJCCJYG"," ",26.8207,25.956,26.846,25.709,"0229"
"P010031328","AJCCJYH"," ",26.9509,26.084,26.978,25.835,"0229"
"P010031328","AJCCJYI"," ",23.7182,23.732,25.005,23.378,"0229"
"P010031328","AJCCJYJ"," ",27.0241,27.034,28.456,26.639,"0229"
"P010031328","AJCCJYK"," ",535.555,527.845,553.358,520.757,"0229"
"P010031328","AJCCJYM"," ",63.4761,62.847,65.021,62.242,"0229"
"P010031328","AJCCJYN"," ",63.4761,62.94,65.115,62.336,"0229"
"P010031328","AJCCJYO"," ",69.3348,68.166,70.087,67.633,"0229"
"P010031328","AJCCJYP"," ",41.201,41.649,43.144,41.234,"0229"
"P010031328","AJCCJYQ"," ",69.3348,68.784,71.246,68.1,"0229"
"P010031328","AJCCJYR"," ",69.3348,67.985,69.78,67.486,"0229"
"P010031328","AJCCJYS"," ",41.201,41.508,42.945,41.109,"0229"
"P010031328","AJCCJYT"," ",69.3348,68.658,71.035,67.998,"0229"
"P010031328","AJCCJYU"," ",22.0512,21.454,22.186,21.251,"0229"
"P010031328","AJCCJYV"," ",22.0512,21.425,22.156,21.222,"0229"
"P010031328","AJCCJYW"," ",958.7443,926.495,957.791,917.8,"0229"
"P010031328","AJCCJZA"," ",17.9821,17.008,18.121,16.891,"0229"
"P010031328","AJCCJZB"," ",16.5083,15.593,16.647,15.483,"0229"
"P010031328","AJCCKBT"," ",13.9952,12.667,13.547,12.587,"0229"
"P010031362","AJDMHPT"," ",18.9665,19.387,23.457,19.192,"0230"
"P010031362","AJDMHPU"," ",12.7579,13.163,16.015,13.026,"0230"
"P010031362","AJDMHPV"," ",16.8741,17.967,21.529,17.796,"0230"
"P010031362","AJDMHPW"," ",25.4015,26.601,31.942,26.344,"0230"
"P010031362","AJDMHQB"," ",12.5333,13.978,16.346,13.865,"0230"
"P010031362","AJDMHQC"," ",46.5374,45.952,51.673,45.678,"0230"
"P010031362","AJDMHQD"," ",13.7378,14.76,17.303,14.637,"0230"
"P010031362","AJDMHQE"," ",13.7378,15.217,17.879,15.089,"0230"
"P010031362","AJDMHQW"," ",17.276,18.161,21.299,18.01,"0230"
"P010031362","AJDMHRF"," ",12.3823,13.193,13.661,13.096,"0230"
"P010031362","AJDMHRH"," ",14.1682,13.202,13.711,13.097,"0230"
"P010031362","AJDMHRI"," ",57.3027,59.082,71.872,58.467,"0230"
"P010031362","AJDMHRJ"," ",22.5071,24.265,29.411,24.017,"0230"
"P010031362","AJDMHRK"," ",121.2086,127.916,154.669,126.631,"0230"
"P010031362","AJDMHRL"," ",59.5938,61.818,74.993,61.185,"0230"
"P010031362","AJDMHRM"," ",71.7568,79.905,95.7,79.147,"0230"
"P010031362","AJDMHRN"," ",58.3578,60.331,72.905,59.728,"0230"
"P010031362","AJDMHRO"," ",24.157,25.907,31.321,25.647,"0230"
"P010031362","AJDMHRP"," ",111.938,118.946,143.886,117.748,"0230"
"P010031362","AJDMHRQ"," ",45.3646,47.198,54.874,46.829,"0230"
"P010031362","AJDMHRR"," ",35.2471,35.69,41.553,35.409,"0230"
"P010031362","AJDMHRS"," ",40.3911,43.005,52.168,42.565,"0230"
"P010031362","AJDMHRT"," ",40.9946,43.34,52.4,42.905,"0230"
"P010031362","AJDMHRU"," ",883.5654,985.844,1167.431,977.125,"0230"
"P010031362","AJDMHRX"," ",99.9161,101.909,119.223,101.077,"0230"
"P010031362","AJDMHRY"," ",85.6606,86.229,101.225,85.508,"0230"
"P010031362","AJDMHRZ"," ",217.1146,219.654,256.709,217.875,"0230"
"P010031362","AJDMHSA"," ",36.5482,37.536,43.95,37.228,"0230"
"P010031362","AJDMHSB"," ",98.0898,98.543,115.664,97.721,"0230"
"P010031362","AJDMHSC"," ",194.5121,196.567,227.179,195.098,"0230"
"P010031362","AJDMHSD"," ",37.04,37.952,44.241,37.651,"0230"
"P010031362","AJDMHSE"," ",98.0898,98.381,115.009,97.583,"0230"
"P010031362","AJDMHSF"," ",80.749,84.172,97.748,83.52,"0230"
"P010031362","AJDMHSG"," ",51.0692,51.702,60.198,51.295,"0230"
"P010031362","AJDMHSH"," ",2992.647,3253.846,3741.08,3230.45,"0230"
"P010031362","AJDMHSK"," ",32.3807,26.918,27.879,26.72,"0230"
"P010031362","AJDMHSL"," ",33.4391,27.542,28.587,27.328,"0230"
"P010031384","AJFDTWD"," ",17.4932,11.518,12.968,11.357,"0230"
"P010031384","AJFDTWE"," ",47.6459,30.201,33.989,29.78,"0230"
"P010031384","AJFDTWF"," ",16.7198,10.971,12.42,10.81,"0230"
"P010031384","AJFDTWG"," ",45.8187,29.159,33.014,28.73,"0230"
"P010031384","AJFDTWH"," ",11.9202,7.955,8.887,7.851,"0230"
"P010031384","AJFDTWI"," ",24.4748,15.731,17.62,15.521,"0230"
"P010031384","AJFDTWJ"," ",13.1207,8.509,9.515,8.397,"0230"
"P010031384","AJFDTWK"," ",36.3354,22.891,25.628,22.587,"0230"
"P010031384","AJFDTWL"," ",21.7673,14.461,15.974,14.293,"0230"
"P010031384","AJFDTWM"," ",10.1806,9.417,10.183,9.179,"0230"
"P010031384","AJFDTWN"," ",9.6513,9.341,10.03,9.127,"0230"
"P010031384","AJFDTXM"," ",28.2943,24.36,26.431,23.717,"0230"
"P010031384","AJFDTXN"," ",23.2484,20.621,22.431,20.059,"0230"
"P020031133","ADTSBGY"," ",10.6742,9.393,12.034,9.393,"0226"
"P020031133","ADTSBGZ"," ",42.8853,37.76,48.377,37.76,"0226"
"P020031133","ADTSBHA"," ",10.8421,8.823,11.303,8.823,"0226"
"P020031133","ADTSBHB"," ",36.2577,31.693,40.605,31.693,"0226"
"P020031133","ADTSBHC"," ",8.1298,6.45,8.097,5.859,"0226"
"P020031133","ADTSBHD"," ",24.0166,18.19,23.305,18.19,"0226"
"P020031133","ADTSBHE"," ",8.6894,6.626,8.337,6.085,"0226"
"P020031133","ADTSBHF"," ",19.8604,15.148,19.175,14.324,"0226"
"P020031133","ADTSBHG"," ",18.4753,13.227,16.813,12.755,"0226"
"P020031133","ADTSBHH"," ",10.9301,10.423,13.959,10.423,"0226"
"P020031133","ADTSBHI"," ",9.2294,8.518,11.408,8.518,"0226"
"P020031133","ADTSBHJ"," ",16.8273,26.617,34.101,26.617,"0226"
"P020031133","ADTSBHK"," ",9.4622,15.224,19.505,15.224,"0226"
"P020031133","ADTSBHL"," ",25.3068,39.456,50.55,39.456,"0226"
"P020031133","ADTSBHM"," ",19.9734,30.763,39.413,30.763,"0226"
"P020031133","ADTSBHN"," ",29.647,47.049,60.278,47.049,"0226"
"P020031133","ADTSBHO"," ",22.8908,35.44,45.404,35.44,"0226"
"P020031133","ADTSBHP"," ",11.04,17.246,22.095,17.246,"0226"
"P020031133","ADTSBHQ"," ",37.4269,56.613,72.531,56.613,"0226"
"P020031133","ADTSBHR"," ",21.3997,32.938,42.199,32.938,"0226"
"P020031133","ADTSBHS"," ",30.3794,46.852,60.026,46.852,"0226"
"P020031133","ADTSBHT"," ",373.1527,635.775,785.387,635.775,"0226"
"P020031133","ADTSBHU"," ",60.2018,44.054,55.516,40.767,"0226"
"P020031133","ADTSBHV"," ",103.5807,75.144,93.501,65.287,"0226"
"P020031133","ADTSBHW"," ",65.9493,49.281,59.215,35.33,"0226"
"P020031133","ADTSBHX"," ",32.3711,24.362,30.916,23.309,"0226"
"P020031133","ADTSBHY"," ",98.1085,71.904,91.019,67.98,"0226"
"P020031133","ADTSBHZ"," ",65.9493,49.558,58.766,34.176,"0226"
"P020031133","ADTSBJA"," ",32.3711,24.422,30.721,22.403,"0226"
"P020031133","ADTSBJB"," ",123.9036,89.895,113.066,82.409,"0226"
"P020031133","ADTSBJC"," ",1007.6871,794.509,978.035,652.932,"0226"
"P020031133","ADTSBJD"," ",19.9187,14.295,19.145,14.295,"0226"
"P020031133","ADTSBJE"," ",22.7624,17.49,23.425,17.49,"0226"
"P020031133","ADTSBJF"," ",7.5946,5.381,6.813,5.132,"0226"
"P020031133","ADTSBJF"," ",7.5946,5.385,6.816,5.135,"0226"
"P020031133","ADTSBJF"," ",7.5946,5.433,6.865,5.184,"0226"
"P020031133","ADTSBJG"," ",9.8432,6.842,8.697,6.518,"0226"
"P020031133","ADTSBJG"," ",9.8432,6.845,8.7,6.521,"0226"
"P020031133","ADTSBJG"," ",9.8432,6.885,8.74,6.561,"0226"
"P020031133","ADTSBJH"," ",8.4004,8.4,8.511,8.348,"0226"
"P020031133","ADTSBKJ"," ",41.9147,31.06,37.686,23.565,"0226"
"P020031133","ADTSBKK"," ",41.4007,30.157,36.617,22.978,"0226"
"P020031133","ADTSBKL"," ",45.2577,33.629,40.817,25.563,"0226"
"P020031133","ADTSBKN"," ",46.0003,33.166,40.344,25.53,"0226"
"P020031217","AHVCTTZ"," ",17.722,16.607,18.436,15.896,"0228"
"P020031217","AHVCTVA"," ",43.0778,39.874,44.205,38.188,"0228"
"P020031217","AHVCTVB"," ",16.6731,15.628,17.421,14.93,"0228"
"P020031217","AHVCTVC"," ",25.3112,23.44,26.12,22.397,"0228"
"P020031217","AHVCTVD"," ",12.5395,11.801,13.017,11.328,"0228"
"P020031217","AHVCTVE"," ",12.5395,12.04,13.3,11.549,"0228"
"P020031217","AHVCTVF"," ",14.169,13.211,14.552,12.689,"0228"
"P020031217","AHVCTVG"," ",14.169,13.327,14.73,12.781,"0228"
"P020031217","AHVCTVH"," ",25.0404,23.36,25.532,22.515,"0228"
"P020031217","AHVCTVI"," ",11.682,10.495,11.923,10.255,"0228"
"P020031217","AHVCTVJ"," ",11.7463,10.471,11.851,10.24,"0228"
"P020031217","AHVCTVK"," ",54.5781,49.845,56.406,47.291,"0228"
"P020031217","AHVCTVL"," ",21.6399,20.257,22.912,19.224,"0228"
"P020031217","AHVCTVM"," ",107.8032,100.144,112.982,95.147,"0228"
"P020031217","AHVCTVN"," ",51.6344,47.255,53.431,44.851,"0228"
"P020031217","AHVCTVO"," ",103.8908,97.334,109.622,92.551,"0228"
"P020031217","AHVCTVP"," ",58.1432,53.142,59.94,50.496,"0228"
"P020031217","AHVCTVQ"," ",22.0904,20.709,23.374,19.671,"0228"
"P020031217","AHVCTVR"," ",126.3218,117.287,132.005,111.559,"0228"
"P020031217","AHVCTVS"," ",44.4449,41.074,44.972,39.557,"0228"
"P020031217","AHVCTVT"," ",34.0758,30.965,33.915,29.817,"0228"
"P020031217","AHVCTVU"," ",38.4198,35.676,40.334,33.863,"0228"
"P020031217","AHVCTVV"," ",39.0039,36.21,40.849,34.404,"0228"
"P020031217","AHVCTVW"," ",2213.4381,2071.811,2316.767,1976.47,"0228"
"P020031217","AHVCTVX"," ",96.8377,88.522,97.269,85.117,"0228"
"P020031217","AHVCTVY"," ",159.0048,146.242,159.143,141.221,"0228"
"P020031217","AHVCTVZ"," ",201.4561,182.484,200.501,175.472,"0228"
"P020031217","AHVCTWA"," ",35.8917,32.815,36.089,31.54,"0228"
"P020031217","AHVCTWB"," ",194.5912,177.83,195.564,170.928,"0228"
"P020031217","AHVCTWC"," ",178.7673,162.05,176.945,156.253,"0228"
"P020031217","AHVCTWD"," ",36.2886,33.143,36.336,31.901,"0228"
"P020031217","AHVCTWE"," ",225.6493,205.528,224.823,198.018,"0228"
"P020031217","AHVCTWF"," ",73.5555,67.837,74.251,65.341,"0228"
"P020031217","AHVCTWG"," ",49.2044,44.719,48.979,43.062,"0228"
"P020031217","AHVCTWH"," ",3163.1833,2965.912,3233.375,2861.811,"0228"
"P020031217","AHVCTWI"," ",29.7535,25.464,28.832,24.899,"0228"
"P020031217","AHVCTWJ"," ",24.1301,20.322,23.23,19.834,"0228"
"P020031217","AHVCTWL"," ",99.9862,156.65,155.369,176.964,"0228"
"P020031217","AHVCTWO"," ",80.9716,115.687,114.741,130.689,"0228"
"P020031217","AHVCTWR"," ",57.7526,60.282,59.789,68.099,"0228"
"P020031217","AHVCTWV"," ",24.833,24.833,26.752,24.66,"0228"
"P020031217","AHVCTXD"," ",9.3258,8.216,9.162,8.058,"0228"
"P020031217","AHVCTXG"," ",7.7958,7.099,7.89,6.967,"0228"
"P020031222","AHVNZHB"," ",13.7717,14.16,15.237,14.021,"0228"
"P020031222","AHVNZHC"," ",23.7382,23.079,24.924,22.841,"0228"
"P020031222","AHVNZHD"," ",12.8606,13.196,14.194,13.068,"0228"
"P020031222","AHVNZHE"," ",33.7103,34.205,36.796,33.87,"0228"
"P020031222","AHVNZHF"," ",12.3642,12.721,13.542,12.615,"0228"
"P020031222","AHVNZHG"," ",18.8402,19.085,20.402,18.915,"0228"
"P020031222","AHVNZHH"," ",14.1797,14.56,15.491,14.44,"0228"
"P020031222","AHVNZHI"," ",14.1797,14.778,15.752,14.652,"0228"
"P020031222","AHVNZHP"," ",9.8024,10.345,10.966,10.265,"0228"
"P020031222","AHVNZHU"," ",7.9194,6.675,8.031,6.427,"0228"
"P020031222","AHVNZHV"," ",6.7976,5.475,6.538,5.28,"0228"
"P020031222","AHVNZHW"," ",43.5133,43.979,47.264,43.555,"0228"
"P020031222","AHVNZHX"," ",27.2611,28.151,30.249,27.881,"0228"
"P020031222","AHVNZHY"," ",44.4768,45.017,48.376,44.583,"0228"
"P020031222","AHVNZHZ"," ",48.4643,49.251,52.858,48.785,"0228"
"P020031222","AHVNZJA"," ",44.145,44.831,48.182,44.399,"0228"
"P020031222","AHVNZJB"," ",57.8988,58.602,62.874,58.05,"0228"
"P020031222","AHVNZJC"," ",31.8203,32.733,35.089,32.429,"0228"
"P020031222","AHVNZJD"," ",47.0063,47.559,51.032,47.111,"0228"
"P020031222","AHVNZJE"," ",32.4979,32.238,34.153,31.99,"0228"
"P020031222","AHVNZJF"," ",32.6557,32.39,34.314,32.142,"0228"
"P020031222","AHVNZJG"," ",35.6044,36.318,39.059,35.964,"0228"
"P020031222","AHVNZJH"," ",40.567,41.263,44.323,40.868,"0228"
"P020031222","AHVNZJI"," ",803.945,808.062,862.979,800.973,"0228"
"P020031222","AHVNZJJ"," ",77.7006,78.574,83.256,77.97,"0228"
"P020031222","AHVNZJK"," ",77.7006,78.656,83.338,78.052,"0228"
"P020031222","AHVNZJL"," ",84.8721,84.749,88.883,84.215,"0228"
"P020031222","AHVNZJM"," ",50.4338,51.787,55.005,51.372,"0228"
"P020031222","AHVNZJN"," ",84.8721,86.005,91.304,85.32,"0228"
"P020031222","AHVNZJO"," ",84.8721,84.46,88.323,83.961,"0228"
"P020031222","AHVNZJP"," ",50.4338,51.635,54.729,51.236,"0228"
"P020031222","AHVNZJQ"," ",84.8721,85.8,90.915,85.139,"0228"
"P020031222","AHVNZJR"," ",26.7189,26.687,28.262,26.484,"0228"
"P020031222","AHVNZJS"," ",26.7189,26.654,28.229,26.451,"0228"
"P020031222","AHVNZJT"," ",1173.59,1161.968,1229.334,1153.273,"0228"
"P020031222","AHVNZJU"," ",19.7987,16.198,18.948,15.695,"0228"
"P020031222","AHVNZJV"," ",18.176,14.77,17.371,14.294,"0228"
"P020031236","AHVWKGP"," ",17.7037,15.282,16.691,15.032,"0228"
"P020031236","AHVWKGQ"," ",31.5564,26.133,29.137,25.599,"0228"
"P020031236","AHVWKGR"," ",16.6503,14.234,15.637,13.985,"0228"
"P020031236","AHVWKGS"," ",24.7782,21.017,22.994,20.665,"0228"
"P020031236","AHVWKHG"," ",12.2447,10.609,11.571,10.437,"0228"
"P020031236","AHVWKHH"," ",14.0202,11.794,13.001,11.579,"0228"
"P020031236","AHVWKHI"," ",13.461,11.566,12.588,11.385,"0228"
"P020031236","AHVWKHJ"," ",16.1196,14.147,15.529,13.901,"0228"
"P020031236","AHVWKHO"," ",9.9557,8.769,9.501,8.639,"0228"
"P020031236","AHVWKHP"," ",9.0713,7.209,9.251,7.14,"0228"
"P020031236","AHVWKHQ"," ",6.9806,5.211,6.596,5.164,"0228"
"P020031236","AHVWKHR"," ",56.8256,47.076,52.561,46.101,"0228"
"P020031236","AHVWKHS"," ",23.2027,19.553,21.871,19.14,"0228"
"P020031236","AHVWKHT"," ",115.2323,95.859,106.936,93.889,"0228"
"P020031236","AHVWKHU"," ",60.0224,49.903,55.715,48.869,"0228"
"P020031236","AHVWKHV"," ",85.7142,72.163,80.306,70.714,"0228"
"P020031236","AHVWKHW"," ",58.7459,48.78,54.317,47.795,"0228"
"P020031236","AHVWKHX"," ",24.9743,21.036,23.484,20.601,"0228"
"P020031236","AHVWKHY"," ",109.2158,92.003,102.263,90.177,"0228"
"P020031236","AHVWKHZ"," ",53.1933,44.946,48.867,44.248,"0228"
"P020031236","AHVWKJA"," ",35.2262,29.279,31.84,28.824,"0228"
"P020031236","AHVWKJB"," ",40.7276,34.429,38.455,33.712,"0228"
"P020031236","AHVWKJC"," ",43.7286,36.58,40.795,35.831,"0228"
"P020031236","AHVWKJD"," ",883.5654,751.127,830.475,737.008,"0228"
"P020031236","AHVWKJE"," ",73.8155,62.078,67.577,61.1,"0228"
"P020031236","AHVWKJF"," ",73.8155,62.171,67.67,61.193,"0228"
"P020031236","AHVWKJG"," ",80.6285,68.008,72.864,67.144,"0228"
"P020031236","AHVWKJH"," ",47.9121,40.899,44.68,40.227,"0228"
"P020031236","AHVWKJI"," ",80.6285,67.752,73.977,66.644,"0228"
"P020031236","AHVWKJJ"," ",80.6285,68.063,72.601,67.256,"0228"
"P020031236","AHVWKJK"," ",47.9121,40.907,44.54,40.26,"0228"
"P020031236","AHVWKJL"," ",80.6285,67.792,73.801,66.723,"0228"
"P020031236","AHVWKJM"," ",25.444,21.101,22.95,20.772,"0228"
"P020031236","AHVWKJN"," ",25.444,21.065,22.915,20.736,"0228"
"P020031236","AHVWKJO"," ",1114.9105,916.676,995.805,902.596,"0228"
"P020031236","AHVWKJP"," ",31.3661,24.077,29.81,23.884,"0228"
"P020031236","AHVWKJQ"," ",25.1092,19.122,23.995,18.957,"0228"
"P020031249","AHWKLTF"," ",7.733,8.091,8.14,8.036,"0228"
"P020031249","AHWKLTG"," ",10.3428,10.821,10.887,10.748,"0228"
"P020031249","AHWKLVX"," ",14.2846,14.975,17.081,14.828,"0228"
"P020031249","AHWKLVY"," ",56.498,58.248,66.575,57.666,"0228"
"P020031249","AHWKLVZ"," ",17.4473,18.085,20.48,17.917,"0228"
"P020031249","AHWKLWA"," ",67.1847,69.95,79.716,69.267,"0228"
"P020031249","AHWKLWG"," ",14.612,15.091,16.859,14.968,"0228"
"P020031249","AHWKLWH"," ",13.4019,13.317,15.021,13.197,"0228"
"P020031249","AHWKLWI"," ",30.5468,30.862,34.89,30.58,"0228"
"P020031249","AHWKLWJ"," ",31.5919,32.539,36.691,32.249,"0228"
"P020031249","AHWKLWK"," ",24.2074,24.433,27.395,24.226,"0228"
"P020031249","AHWKLWL"," ",12.2283,13.357,18.556,13.231,"0228"
"P020031249","AHWKLWO"," ",9.9113,10.382,13.773,10.288,"0228"
"P020031249","AHWKLWQ"," ",41.4748,41.821,47.886,41.397,"0228"
"P020031249","AHWKLWR"," ",25.9839,26.754,30.627,26.484,"0228"
"P020031249","AHWKLWS"," ",119.6645,127.006,144.113,125.81,"0228"
"P020031249","AHWKLWT"," ",46.1939,46.659,53.318,46.193,"0228"
"P020031249","AHWKLWU"," ",42.0769,42.439,48.625,42.007,"0228"
"P020031249","AHWKLWV"," ",55.1864,55.747,63.635,55.195,"0228"
"P020031249","AHWKLWW"," ",30.3296,31.155,35.504,30.851,"0228"
"P020031249","AHWKLWX"," ",44.8041,45.186,51.598,44.738,"0228"
"P020031249","AHWKLWY"," ",31.7003,31.67,35.205,31.423,"0228"
"P020031249","AHWKLWZ"," ",31.8542,31.819,35.372,31.571,"0228"
"P020031249","AHWKLXA"," ",33.9365,34.467,39.527,34.113,"0228"
"P020031249","AHWKLXB"," ",38.6665,39.22,44.87,38.825,"0228"
"P020031249","AHWKLXC"," ",766.2816,771.501,872.884,764.413,"0228"
"P020031249","AHWKLXH"," ",75.7022,76.913,85.556,76.309,"0228"
"P020031249","AHWKLXI"," ",75.7022,77.001,85.644,76.397,"0228"
"P020031249","AHWKLXJ"," ",82.6893,83.761,91.393,83.228,"0228"
"P020031249","AHWKLXK"," ",49.1366,50.551,56.492,50.135,"0228"
"P020031249","AHWKLXL"," ",82.6893,84.028,93.813,83.344,"0228"
"P020031249","AHWKLXM"," ",82.6893,83.698,90.83,83.2,"0228"
"P020031249","AHWKLXN"," ",49.1366,50.504,56.214,50.105,"0228"
"P020031249","AHWKLXO"," ",82.6893,83.985,93.429,83.325,"0228"
"P020031249","AHWKLXP"," ",26.0631,26.179,29.085,25.975,"0228"
"P020031249","AHWKLXQ"," ",26.0631,26.142,29.049,25.939,"0228"
"P020031249","AHWKLXR"," ",1143.4066,1139.932,1264.297,1131.237,"0228"
"P020031249","AHWKLXS"," ",19.5445,20.113,23.32,19.955,"0228"
"P020031249","AHWKLXT"," ",48.0399,50.207,59.525,49.803,"0228"
"P020031283","AHYCBCA"," ",15.4159,13.648,15.642,13.347,"0228"
"P020031283","AHYCBCB"," ",42.1865,36.914,42.276,36.103,"0228"
"P020031283","AHYCBCC"," ",14.8544,13.126,15.108,12.827,"0228"
"P020031283","AHYCBCD"," ",41.3272,36.176,41.601,35.356,"0228"
"P020031283","AHYCBCM"," ",10.6136,9.486,10.747,9.296,"0228"
"P020031283","AHYCBCN"," ",10.6136,9.544,10.836,9.349,"0228"
"P020031283","AHYCBCO"," ",11.6946,10.334,11.693,10.128,"0228"
"P020031283","AHYCBCP"," ",11.6946,10.484,11.906,10.269,"0228"
"P020031283","AHYCBCQ"," ",8.3393,7.693,8.62,7.553,"0228"
"P020031283","AHYCBCR"," ",8.286,6.993,8.509,6.697,"0228"
"P020031283","AHYCBDE"," ",8.1072,6.374,7.788,6.098,"0228"
"P020031283","AHYCBDG"," ",33.4615,28.435,33.607,27.653,"0228"
"P020031283","AHYCBDH"," ",20.9637,18.425,21.727,17.926,"0228"
"P020031283","AHYCBDI"," ",34.2025,29.051,34.34,28.252,"0228"
"P020031283","AHYCBDJ"," ",37.2689,31.726,37.404,30.867,"0228"
"P020031283","AHYCBDK"," ",33.9473,28.861,34.136,28.064,"0228"
"P020031283","AHYCBDL"," ",44.524,37.96,44.686,36.943,"0228"
"P020031283","AHYCBDM"," ",24.4697,21.444,25.153,20.884,"0228"
"P020031283","AHYCBDN"," ",36.1477,30.743,36.211,29.917,"0228"
"P020031283","AHYCBDO"," ",28.5694,24.005,27.02,23.55,"0228"
"P020031283","AHYCBDP"," ",28.7081,24.124,27.154,23.666,"0228"
"P020031283","AHYCBDQ"," ",27.3797,23.355,27.67,22.703,"0228"
"P020031283","AHYCBDR"," ",31.1959,26.58,31.397,25.851,"0228"
"P020031283","AHYCBDS"," ",618.2308,524.583,611.037,511.514,"0228"
"P020031283","AHYCBDT"," ",67.8577,58.449,65.819,57.335,"0228"
"P020031283","AHYCBDU"," ",67.8577,58.552,65.922,57.438,"0228"
"P020031283","AHYCBDV"," ",74.1207,63.674,70.182,62.691,"0228"
"P020031283","AHYCBDW"," ",44.0449,38.766,43.832,38,"0228"
"P020031283","AHYCBDX"," ",74.1207,63.939,72.282,62.678,"0228"
"P020031283","AHYCBDY"," ",74.1207,63.59,69.671,62.67,"0228"
"P020031283","AHYCBDZ"," ",44.0449,38.665,43.535,37.929,"0228"
"P020031283","AHYCBFA"," ",74.1207,63.863,71.916,62.646,"0228"
"P020031283","AHYCBFB"," ",23.489,19.874,22.353,19.499,"0228"
"P020031283","AHYCBFC"," ",23.489,19.841,22.32,19.467,"0228"
"P020031283","AHYCBFD"," ",1024.9228,860.95,967.001,844.918,"0228"
"P020031283","AHYCBFE"," ",27.5589,22.457,26.628,21.641,"0228"
"P020031283","AHYCBFF"," ",27.1491,22.206,26.491,21.367,"0228"
"P020031400","AJDQGMR"," ",18.2096,13.074,18.822,12.471,"0230"
"P020031400","AJDQGMS"," ",28.5317,19.574,28.356,18.653,"0230"
"P020031400","AJDQGMT"," ",17.4914,12.325,17.974,11.733,"0230"
"P020031400","AJDQGMU"," ",49.6189,33.921,49.31,32.307,"0230"
"P020031400","AJDQGMV"," ",12.6307,9.307,13.085,8.911,"0230"
"P020031400","AJDQGMW"," ",12.6307,9.199,13.1,8.79,"0230"
"P020031400","AJDQGMX"," ",14.3063,10.548,14.769,10.106,"0230"
"P020031400","AJDQGMY"," ",14.3063,10.61,15.029,10.147,"0230"
"P020031400","AJDQGMZ"," ",10.4266,7.948,11.094,7.618,"0230"
"P020031400","AJDQGNA"," ",11.1968,10.44,11.197,10.177,"0230"
"P020031400","AJDQGNB"," ",6.4963,6.373,6.811,6.221,"0230"
"P020031400","AJDQGNC"," ",39.544,25.437,39.651,23.946,"0230"
"P020031400","AJDQGND"," ",24.7743,17.562,26.636,16.611,"0230"
"P020031400","AJDQGNE"," ",40.4196,25.695,40.228,24.33,"0230"
"P020031400","AJDQGNF"," ",44.0434,28.445,44.05,26.809,"0230"
"P020031400","AJDQGNG"," ",40.1181,25.651,40.147,24.27,"0230"
"P020031400","AJDQGNH"," ",52.6173,34.121,52.606,32.182,"0230"
"P020031400","AJDQGNI"," ",28.9176,20.092,30.282,19.023,"0230"
"P020031400","AJDQGNJ"," ",42.7184,27.397,42.424,25.821,"0230"
"P020031400","AJDQGNK"," ",30.9473,19.887,28.172,19.018,"0230"
"P020031400","AJDQGNL"," ",31.0976,19.98,28.306,19.107,"0230"
"P020031400","AJDQGNM"," ",32.3566,21.014,32.872,19.851,"0230"
"P020031400","AJDQGNN"," ",36.8665,23.607,36.846,22.219,"0230"
"P020031400","AJDQGNO"," ",730.6085,467.703,705.288,442.787,"0230"
"P020031400","AJDQGNP"," ",73.8155,49.719,69.973,47.595,"0230"
"P020031400","AJDQGNQ"," ",73.8155,49.893,70.146,47.769,"0230"
"P020031400","AJDQGNR"," ",80.6285,54.82,72.705,52.944,"0230"
"P020031400","AJDQGNS"," ",47.9121,33.684,47.607,32.224,"0230"
"P020031400","AJDQGNT"," ",80.6285,54.312,77.241,51.907,"0230"
"P020031400","AJDQGNU"," ",80.6285,54.887,71.6,53.134,"0230"
"P020031400","AJDQGNV"," ",47.9121,33.604,46.986,32.201,"0230"
"P020031400","AJDQGNW"," ",80.6285,54.326,76.458,52.005,"0230"
"P020031400","AJDQGNX"," ",25.444,16.504,23.316,15.789,"0230"
"P020031400","AJDQGNY"," ",25.444,16.444,23.256,15.729,"0230"
"P020031400","AJDQGNZ"," ",1114.9105,712.777,1004.216,682.213,"0230"
"P020031400","AJDQGPA"," ",19.302,16.513,17.743,16.086,"0230"
"P020031400","AJDQGPB"," ",17.72,15.226,16.389,14.823,"0230"
"P030031177","AHSWJMD"," ",16.9866,14.055,17.229,13.707,"0228"
"P030031177","AHSWJME"," ",30.1847,24.465,30.214,23.836,"0228"
"P030031177","AHSWJMF"," ",14.2336,11.803,14.487,11.509,"0228"
"P030031177","AHSWJMG"," ",27.8385,22.353,27.653,21.772,"0228"
"P030031177","AHSWJMH"," ",9.3044,7.542,9.069,7.375,"0228"
"P030031177","AHSWJMI"," ",52.7266,43.884,52.726,42.916,"0228"
"P030031177","AHSWJMJ"," ",13.7388,11.397,13.604,11.155,"0228"
"P030031177","AHSWJMK"," ",30.4744,25.069,30.326,24.493,"0228"
"P030031177","AHSWJML"," ",23.1667,19.642,23.154,19.258,"0228"
"P030031177","AHSWJMM"," ",16.4469,15.59,16.667,15.274,"0228"
"P030031177","AHSWJMN"," ",7.8959,6.694,7.155,6.559,"0228"
"P030031177","AHSWJMO"," ",39.1733,32.214,41.129,32.214,"0228"
"P030031177","AHSWJMP"," ",17.2792,14.89,18.887,14.452,"0228"
"P030031177","AHSWJMQ"," ",98.6489,84.352,106.453,81.931,"0228"
"P030031177","AHSWJMR"," ",51.8379,43.083,54.638,41.817,"0228"
"P030031177","AHSWJMS"," ",90.7144,80.62,100.86,78.402,"0228"
"P030031177","AHSWJMT"," ",61.9019,50.586,63.663,49.153,"0228"
"P030031177","AHSWJMU"," ",22.5691,19.298,24.34,18.746,"0228"
"P030031177","AHSWJMV"," ",116.9016,99.059,124.115,96.314,"0228"
"P030031177","AHSWJMW"," ",46.4123,39.162,45.858,38.428,"0228"
"P030031177","AHSWJMX"," ",43.9238,36.518,42.804,35.829,"0228"
"P030031177","AHSWJMY"," ",29.4022,24.576,31.366,24.535,"0228"
"P030031177","AHSWJMZ"," ",29.8861,25.34,32.041,24.606,"0228"
"P030031177","AHSWJNA"," ",2130.3277,1993.946,2426.891,1946.512,"0228"
"P030031177","AHSWJNB"," ",107.4135,88.637,103.702,86.986,"0228"
"P030031177","AHSWJND"," ",74.5611,60.989,71.431,59.845,"0228"
"P030031177","AHSWJNE"," ",33.3497,27.801,32.926,27.239,"0228"
"P030031177","AHSWJNF"," ",198.6907,164.841,195.525,161.48,"0228"
"P030031177","AHSWJNG"," ",78.3245,64.268,73.689,63.236,"0228"
"P030031177","AHSWJNH"," ",32.2954,26.715,31.461,26.195,"0228"
"P030031177","AHSWJNI"," ",233.5138,194.501,228.406,190.787,"0228"
"P030031177","AHSWJNJ"," ",66.4723,55.785,65.309,54.742,"0228"
"P030031177","AHSWJNK"," ",44.0828,36.187,42.496,35.496,"0228"
"P030031177","AHSWJNM"," ",26.5617,22.458,23.766,22.075,"0228"
"P030031177","AHSWJNN"," ",23.7675,20.059,21.276,19.702,"0228"
"P030031177","AHSWJNO"," ",45.2283,45.227,50.188,44.976,"0228"
"P030031177","AHSWJPW"," ",137.2718,205.193,203.559,231.445,"0228"
"P030031177","AHSWJPY"," ",158.9278,231.635,229.79,261.27,"0228"
"P030031177","AHSWJPZ"," ",109.2565,148.1,146.92,167.047,"0228"
"P030031177","AHSWJQA"," ",97.4543,133.431,132.368,150.501,"0228"
"P030031177","AHSWJQC"," ",79.2089,63.099,62.597,71.172,"0228"
"P030031206","AHVCDWX"," ",17.722,13.826,17.944,13.405,"0226"
"P030031206","AHVCDWY"," ",34.2824,25.465,34.274,24.565,"0226"
"P030031206","AHVCDWZ"," ",16.6731,12.961,17,12.548,"0226"
"P030031206","AHVCDXA"," ",31.4263,23.196,31.27,22.372,"0226"
"P030031206","AHVCDYW"," ",24.8951,19.139,22.389,18.891,"0226"
"P030031206","AHVCDYX"," ",16.2667,12.176,14.558,11.994,"0226"
"P030031206","AHVCDYY"," ",57.1983,42.773,58.091,41.208,"0226"
"P030031206","AHVCDYZ"," ",21.7347,16.866,22.901,16.25,"0226"
"P030031206","AHVCDZA"," ",82.0395,62.801,84.673,60.568,"0226"
"P030031206","AHVCDZB"," ",50.9463,38.444,52.162,37.044,"0226"
"P030031206","AHVCDZC"," ",79.7291,61.694,82.967,59.522,"0226"
"P030031206","AHVCDZD"," ",56.8475,42.69,57.578,41.17,"0226"
"P030031206","AHVCDZE"," ",23.0928,17.79,24.067,17.149,"0226"
"P030031206","AHVCDZF"," ",99.6813,76.218,102.252,73.559,"0226"
"P030031206","AHVCDZG"," ",46.6455,35.991,45.179,35.052,"0226"
"P030031206","AHVCDZH"," ",34.0758,25.895,32.537,25.216,"0226"
"P030031206","AHVCDZI"," ",38.0093,29.223,39.69,28.154,"0226"
"P030031206","AHVCDZJ"," ",39.2412,30.214,40.723,29.141,"0226"
"P030031206","AHVCDZK"," ",825.7967,644.553,850.393,623.532,"0226"
"P030031206","AHVCDZL"," ",96.8377,73.804,93.502,71.792,"0226"
"P030031206","AHVCDZM"," ",101.8356,78.907,98.297,76.927,"0226"
"P030031206","AHVCDZN"," ",172.2275,130.125,164.165,126.649,"0226"
"P030031206","AHVCDZO"," ",35.4518,26.976,34.26,26.233,"0226"
"P030031206","AHVCDZP"," ",168.2545,128.048,162.392,124.541,"0226"
"P030031206","AHVCDZQ"," ",193.9992,147.292,183.505,143.594,"0226"
"P030031206","AHVCDZR"," ",38.3673,29.266,36.861,28.49,"0226"
"P030031206","AHVCDZS"," ",188.3115,144.144,180.923,140.388,"0226"
"P030031206","AHVCDZT"," ",42.3842,32.655,41.252,31.777,"0226"
"P030031206","AHVCDZU"," ",49.2044,37.319,46.911,36.34,"0226"
"P030031206","AHVCDZV"," ",791.5367,632.427,779.881,617.369,"0226"
"P030031206","AHVCDZW"," ",9.3114,6.954,8.309,6.851,"0226"
"P030031206","AHVCFBB"," ",16.006,12.864,15.505,12.817,"0226"
"P030031206","AHVCFBC"," ",25.0404,19.562,24.45,19.062,"0226"
"P030031206","AHVCFBD"," ",12.5395,9.948,12.686,9.668,"0226"
"P030031206","AHVCFBE"," ",8.4244,6.397,8.36,6.197,"0226"
"P030031206","AHVCFBF"," ",14.169,11.265,14.284,10.957,"0226"
"P030031206","AHVCFBG"," ",9.3996,7.386,9.633,7.156,"0226"
"P030031209","AHVGGTO"," ",11.9616,8.69,12.036,8.553,"0226"
"P030031209","AHVGGTP"," ",93.0172,67.03,92.559,65.985,"0226"
"P030031209","AHVGGTQ"," ",11.8038,8.319,11.577,8.185,"0226"
"P030031209","AHVGGTR"," ",84.6382,61.325,84.353,60.382,"0226"
"P030031209","AHVGGTW"," ",12.3048,8.848,11.757,8.728,"0226"
"P030031209","AHVGGTX"," ",10.4309,8.178,10.759,8.072,"0226"
"P030031209","AHVGGTY"," ",14.1488,10.363,13.66,10.228,"0226"
"P030031209","AHVGGTZ"," ",12.0008,9.379,12.337,9.258,"0226"
"P030031209","AHVGGVE"," ",47.0065,34.08,43.871,33.679,"0226"
"P030031209","AHVGGVF"," ",15.7106,13.162,14.648,13.162,"0226"
"P030031209","AHVGGVG"," ",11.6102,9.265,10.311,9.265,"0226"
"P030031209","AHVGGVM"," ",35.0858,24.325,34.707,23.901,"0226"
"P030031209","AHVGGVN"," ",21.9813,15.809,22.437,15.538,"0226"
"P030031209","AHVGGVO"," ",35.8627,24.724,35.339,24.33,"0226"
"P030031209","AHVGGVP"," ",39.0779,27.45,38.848,26.983,"0226"
"P030031209","AHVGGVQ"," ",35.5951,24.658,35.247,24.27,"0226"
"P030031209","AHVGGVR"," ",46.6851,32.598,46.1,32.046,"0226"
"P030031209","AHVGGVS"," ",25.6575,18.581,26.024,18.276,"0226"
"P030031209","AHVGGVT"," ",37.9022,26.398,37.374,25.949,"0226"
"P030031209","AHVGGVU"," ",29.2035,20.831,26.883,20.583,"0226"
"P030031209","AHVGGVV"," ",29.3453,20.931,27.012,20.682,"0226"
"P030031209","AHVGGVW"," ",28.7086,19.851,28.512,19.851,"0226"
"P030031209","AHVGGVX"," ",32.7101,22.719,32.389,22.323,"0226"
"P030031209","AHVGGVY"," ",648.239,451.186,624.719,444.084,"0226"
"P030031209","AHVGGVZ"," ",69.4464,50.917,65.71,50.312,"0226"
"P030031209","AHVGGWA"," ",69.4464,51.017,65.81,50.411,"0226"
"P030031209","AHVGGWB"," ",75.8562,56.422,69.484,55.887,"0226"
"P030031209","AHVGGWC"," ",45.0762,33.592,43.762,33.176,"0226"
"P030031209","AHVGGWD"," ",75.8562,55.436,72.183,54.751,"0226"
"P030031209","AHVGGWE"," ",75.8562,56.653,68.86,56.153,"0226"
"P030031209","AHVGGWF"," ",45.0762,33.674,43.448,33.274,"0226"
"P030031209","AHVGGWG"," ",75.8562,55.583,71.748,54.921,"0226"
"P030031209","AHVGGWH"," ",24.0103,17.318,22.294,17.114,"0226"
"P030031209","AHVGGWI"," ",24.0103,17.281,22.257,17.078,"0226"
"P030031209","AHVGGWJ"," ",1048.9195,749.178,962.046,740.465,"0226"
"P030031209","AHVGGWM"," ",21.2898,13.691,15.225,13.63,"0226"
"P030031209","AHVGGWN"," ",25.7753,17.575,19.559,17.575,"0226"
"P030031209","AHVGGWY"," ",21.32,20.497,22.328,20.227,"0226"
"P030031211","AHVGPYS"," ",57.5831,58.805,65.834,58.067,"0228"
"P030031211","AHVGPYT"," ",13.1371,13.024,14.619,12.856,"0228"
"P030031211","AHVGPYU"," ",38.9226,39.213,43.953,38.716,"0228"
"P030031211","AHVGPYV"," ",9.36,9.403,10.389,9.299,"0228"
"P030031211","AHVGPYW"," ",21.8139,21.871,24.198,21.626,"0228"
"P030031211","AHVGPYX"," ",11.1974,11.583,12.652,11.47,"0228"
"P030031211","AHVGPYY"," ",11.1974,11.648,12.767,11.531,"0228"
"P030031211","AHVGPZA"," ",22.0064,22.115,24.264,21.89,"0228"
"P030031211","AHVGPZC"," ",11.5771,11.657,13.061,11.555,"0228"
"P030031211","AHVGPZD"," ",12.5383,12.202,13.65,12.096,"0228"
"P030031211","AHVGPZH"," ",25.9621,26.192,30.23,25.768,"0228"
"P030031211","AHVGPZI"," ",16.2652,16.995,19.573,16.724,"0228"
"P030031211","AHVGPZJ"," ",183.3636,192.534,220.99,189.545,"0228"
"P030031211","AHVGPZK"," ",28.9162,29.534,33.967,29.069,"0228"
"P030031211","AHVGPZL"," ",102.169,107.061,122.498,105.44,"0228"
"P030031211","AHVGPZM"," ",34.5452,35.083,40.334,34.532,"0228"
"P030031211","AHVGPZN"," ",18.9855,19.815,22.71,19.511,"0228"
"P030031211","AHVGPZO"," ",269.1986,275.768,316.462,271.494,"0228"
"P030031211","AHVGPZP"," ",25.6367,25.405,27.759,25.158,"0228"
"P030031211","AHVGPZQ"," ",25.7612,25.524,27.889,25.276,"0228"
"P030031211","AHVGPZR"," ",21.2434,21.595,24.963,21.241,"0228"
"P030031211","AHVGPZS"," ",24.2043,24.535,28.295,24.14,"0228"
"P030031211","AHVGPZT"," ",479.6724,479.288,546.778,472.2,"0228"
"P030031211","AHVGQDL"," ",17.6043,16.735,18.333,16.619,"0228"
"P030031211","AHVGQDM"," ",44.7465,43.577,47.816,43.267,"0228"
"P030031211","AHVGQDP"," ",13.4775,12.191,13.477,12.108,"0228"
"P030031211","AHVGQGC"," ",5.6665,5.831,6.428,5.787,"0228"
"P030031211","AHVGQGD"," ",7.3444,7.555,8.33,7.499,"0228"
"P030031331","AJBXLBP"," ",16.4558,14.163,16.672,13.741,"0229"
"P030031331","AJBXLBQ"," ",45.8365,38.89,45.65,37.754,"0229"
"P030031331","AJBXLBR"," ",15.6652,13.463,15.897,13.054,"0229"
"P030031331","AJBXLBS"," ",43.9572,37.356,43.875,36.26,"0229"
"P030031331","AJBXLBV"," ",11.3046,9.848,11.481,9.574,"0229"
"P030031331","AJBXLBW"," ",24.0578,20.669,24.171,20.081,"0229"
"P030031331","AJBXLBX"," ",12.6162,10.846,12.623,10.547,"0229"
"P030031331","AJBXLBY"," ",37.0422,31.498,36.728,30.619,"0229"
"P030031331","AJBXLBZ"," ",23.2366,20.197,23.357,19.666,"0229"
"P030031331","AJBXLCA"," ",9.8317,8.643,9.779,8.486,"0229"
"P030031331","AJBXLCB"," ",9.242,8.538,9.553,8.397,"0229"
"P030031331","AJBXLCP"," ",129.0072,107.198,123.958,104.382,"0229"
"P030031331","AJBXLCQ"," ",167.248,139.395,159.843,135.959,"0229"
"P030031331","AJBXLCR"," ",58.1674,47.981,54.827,46.831,"0229"
"P030031331","AJBXLCS"," ",30.0871,25.167,29.382,24.459,"0229"
"P030031331","AJBXLCT"," ",143.7605,120.418,140.003,117.128,"0229"
"P030031331","AJBXLCU"," ",117.3481,97.185,110.984,94.867,"0229"
"P030031331","AJBXLCV"," ",32.6614,27.313,31.646,26.585,"0229"
"P030031331","AJBXLCW"," ",232.9769,193.446,223.853,188.337,"0229"
"P030031331","AJBXLCX"," ",38.9037,32.726,37.866,31.863,"0229"
"P030031331","AJBXLCY"," ",48.1916,39.793,46.002,38.75,"0229"
"P030031331","AJBXLCZ"," ",2527.872,2128.246,2447.009,2074.692,"0229"
"P030031331","AJBXLDB"," ",34.267,28.304,32.077,27.781,"0229"
"P030031331","AJBXLDC"," ",28.9515,24.194,27.473,23.739,"0229"
"P030031386","AJDSZXA"," ",16.4946,9.531,13.895,9.021,"0230"
"P030031386","AJDSZXB"," ",45.349,24.444,35.598,23.14,"0230"
"P030031386","AJDSZXC"," ",15.7092,9.001,13.237,8.583,"0230"
"P030031386","AJDSZXD"," ",43.4107,23.477,34.206,22.222,"0230"
"P030031386","AJDSZXE"," ",11.3664,6.794,9.711,6.453,"0230"
"P030031386","AJDSZXF"," ",23.8886,13.285,19.272,12.585,"0230"
"P030031386","AJDSZXG"," ",12.5856,7.237,10.383,6.869,"0230"
"P030031386","AJDSZXH"," ",36.4164,19.79,28.494,18.772,"0230"
"P030031386","AJDSZXI"," ",23.9185,14.402,20.167,13.728,"0230"
"P030031386","AJDSZXK"," ",10.3607,10.01,10.382,9.753,"0230"
"P030031386","AJDSZXM"," ",9.5367,9.654,9.982,9.427,"0230"
"P030031386","AJDTBCC"," ",66.194,44.827,66.951,44.827,"0230"
"P030031386","AJDTBCD"," ",20.9086,14.489,21.639,14.489,"0230"
"P030031386","AJDTBCE"," ",139.5283,95.006,141.895,95.006,"0230"
"P030031386","AJDTBCF"," ",64.432,43.803,65.421,43.803,"0230"
"P030031386","AJDTBCG"," ",102.6067,68.592,102.445,68.592,"0230"
"P030031386","AJDTBCH"," ",53.793,35.724,53.355,35.724,"0230"
"P030031386","AJDTBCI"," ",22.4529,15.241,22.762,15.241,"0230"
"P030031386","AJDTBCJ"," ",155.39,103.152,154.061,103.152,"0230"
"P030031386","AJDTBCK"," ",40.5142,21.779,31.405,20.654,"0230"
"P030031386","AJDTBCL"," ",37.56,20.372,29.335,19.324,"0230"
"P030031386","AJDTBCM"," ",33.7535,23.262,34.743,23.262,"0230"
"P030031386","AJDTBCN"," ",35.2841,23.769,35.5,23.769,"0230"
"P030031386","AJDTBCO"," ",2333.8673,1419.622,2120.256,1419.622,"0230"
"P030031386","AJDTBDI"," ",26.4026,24.059,24.997,23.41,"0230"
"P030031386","AJDTBDJ"," ",31.723,29.123,30.316,28.298,"0230"
"P040031089","AHNWMRM"," ",17.4932,15.494,17.795,15.209,"0225"
"P040031089","AHNWMRN"," ",29.2978,25.7,29.988,25.169,"0225"
"P040031089","AHNWMRO"," ",16.7198,14.684,16.984,14.4,"0225"
"P040031089","AHNWMRP"," ",28.574,24.91,29.092,24.393,"0225"
"P040031089","AHNWMRR"," ",11.9202,10.558,12.038,10.375,"0225"
"P040031089","AHNWMRS"," ",10.445,9.227,10.62,9.055,"0225"
"P040031089","AHNWMRT"," ",13.1207,11.649,13.245,11.451,"0225"
"P040031089","AHNWMRU"," ",12.0112,10.803,12.4,10.606,"0225"
"P040031089","AHNWMRW"," ",21.7673,19.392,21.79,19.095,"0225"
"P040031089","AHNWMRX"," ",12.2053,11.401,12.37,11.182,"0225"
"P040031089","AHNWMRY"," ",11.5003,9.949,10.788,9.759,"0225"
"P040031089","AHNWMRZ"," ",69.2397,60.096,70.263,58.838,"0225"
"P040031089","AHNWMSA"," ",24.8273,22.215,25.929,21.755,"0225"
"P040031089","AHNWMSB"," ",91.0979,80.301,93.491,78.67,"0225"
"P040031089","AHNWMSC"," ",63.7592,55.121,64.46,53.965,"0225"
"P040031089","AHNWMSD"," ",97.0438,85.399,99.319,83.678,"0225"
"P040031089","AHNWMSE"," ",79.0016,68.521,79.764,67.131,"0225"
"P040031089","AHNWMSF"," ",30.6969,27.108,31.582,26.555,"0225"
"P040031089","AHNWMSG"," ",103.564,90.993,105.527,89.195,"0225"
"P040031089","AHNWMSH"," ",44.2179,38.359,43.364,37.74,"0225"
"P040031089","AHNWMSI"," ",43.758,37.415,42.296,36.811,"0225"
"P040031089","AHNWMSJ"," ",38.5079,33.891,39.617,33.183,"0225"
"P040031089","AHNWMSK"," ",40.6782,35.858,41.722,35.132,"0225"
"P040031089","AHNWMSL"," ",711.2969,638.062,731.707,626.477,"0225"
"P040031089","AHNWMSM"," ",60.2417,51.386,58.396,50.519,"0225"
"P040031089","AHNWMSN"," ",114.747,98.705,111.125,97.168,"0225"
"P040031089","AHNWMSO"," ",114.1081,97.177,109.267,95.681,"0225"
"P040031089","AHNWMSP"," ",35.0952,30.293,34.47,29.776,"0225"
"P040031089","AHNWMSQ"," ",197.7922,170.203,193.408,167.332,"0225"
"P040031089","AHNWMSR"," ",91.8673,78.369,87.581,77.229,"0225"
"P040031089","AHNWMSS"," ",38.1797,33.045,37.338,32.514,"0225"
"P040031089","AHNWMST"," ",116.7567,100.9,113.964,99.284,"0225"
"P040031089","AHNWMSU"," ",48.69,42.332,48.118,41.616,"0225"
"P040031089","AHNWMSV"," ",52.1031,44.504,50.316,43.785,"0225"
"P040031089","AHNWMSX"," ",19.5445,16.403,17.593,16.134,"0225"
"P040031089","AHNWMSY"," ",55.77,46.75,50.123,45.987,"0225"
"P040031089","AHNWMTP"," ",8.36,7.275,7.725,7.174,"0225"
"P040031089","AHNWMTQ"," ",9.405,8.174,8.679,8.059,"0225"
"P040031096","AHXKZXN"," ",15.5752,10.084,11.766,10.084,"0228"
"P040031096","AHXKZXN"," ",15.5752,10.074,11.381,10.074,"0229"
"P040031096","AHXKZXO"," ",40.9647,22.274,25.991,22.274,"0228"
"P040031096","AHXKZXO"," ",40.9647,22.274,25.163,22.274,"0229"
"P040031096","AHXKZXP"," ",13.129,9.413,10.983,9.413,"0228"
"P040031096","AHXKZXP"," ",13.129,9.413,10.633,9.413,"0229"
"P040031096","AHXKZXQ"," ",38.8362,22.963,26.795,22.963,"0228"
"P040031096","AHXKZXQ"," ",38.8362,22.963,25.941,22.963,"0229"
"P040031096","AHXKZXR"," ",14.8818,6.764,7.892,6.763,"0228"
"P040031096","AHXKZXR"," ",14.8818,6.763,7.639,6.763,"0229"
"P040031096","AHXKZXS"," ",22.59,12.703,14.823,12.703,"0228"
"P040031096","AHXKZXS"," ",22.59,12.703,14.351,12.703,"0229"
"P040031096","AHXKZXT"," ",11.824,6.432,7.505,6.432,"0228"
"P040031096","AHXKZXT"," ",11.824,6.432,7.266,6.432,"0229"
"P040031096","AHXKZXU"," ",36.5515,18.003,21.007,18.003,"0228"
"P040031096","AHXKZXU"," ",36.5515,18.003,20.337,18.003,"0229"
"P040031096","AHXKZXV"," ",7.066,3.898,4.548,3.898,"0228"
"P040031096","AHXKZXV"," ",7.066,3.898,4.403,3.898,"0229"
"P040031096","AHXKZXW"," ",5.2754,4.278,5.297,4.179,"0228"
"P040031096","AHXKZXW"," ",5.2754,4.146,5.316,4.146,"0229"
"P040031096","AHXKZXX"," ",8.9314,7.241,8.91,7.079,"0228"
"P040031096","AHXKZXX"," ",8.9314,6.977,8.891,6.867,"0229"
"P040031096","AHXKZXY"," ",44.372,40.575,47.345,40.575,"0228"
"P040031096","AHXKZXY"," ",44.372,40.575,45.837,40.575,"0229"
"P040031096","AHXKZYB"," ",49.7606,45.791,53.431,45.791,"0228"
"P040031096","AHXKZYB"," ",49.7606,45.791,51.729,45.791,"0229"
"P040031096","AHXKZYH"," ",30.1152,16.294,19.013,16.294,"0228"
"P040031096","AHXKZYH"," ",30.1152,16.294,18.407,16.294,"0229"
"P040031096","AHYQXLZ"," ",70.2425,35.936,41.932,35.936,"0228"
"P040031096","AHYQXLZ"," ",70.2425,35.936,40.596,35.936,"0229"
"P040031096","AHYQXMB"," ",32.3317,18.164,21.195,18.164,"0228"
"P040031096","AHYQXMB"," ",32.3317,18.164,20.52,18.164,"0229"
"P040031096","AHYQXMC"," ",62.4547,29.328,34.221,29.328,"0228"
"P040031096","AHYQXMC"," ",62.4547,29.328,33.131,29.328,"0229"
"P040031096","AHYQXME"," ",64.1623,36.222,42.265,36.222,"0228"
"P040031096","AHYQXME"," ",64.1623,36.222,40.919,36.222,"0229"
"P040031096","AHYQXMG"," ",42.3056,22.89,26.709,22.89,"0228"
"P040031096","AHYQXMG"," ",42.3056,22.89,25.858,22.89,"0229"
"P040031166","AHRMNXI"," ",17.0456,15.516,17.466,15.228,"0226"
"P040031166","AHRMNXJ"," ",40.4231,35.821,40.969,35.062,"0226"
"P040031166","AHRMNXK"," ",16.292,14.752,16.701,14.464,"0226"
"P040031166","AHRMNXL"," ",36.6903,32.339,37.011,31.651,"0226"
"P040031166","AHRMNXM"," ",11.6421,10.645,11.899,10.46,"0226"
"P040031166","AHRMNXN"," ",20.9354,18.623,21.023,18.269,"0226"
"P040031166","AHRMNXO"," ",12.8146,11.661,13.014,11.461,"0226"
"P040031166","AHRMNXP"," ",24.0791,21.668,24.419,21.263,"0226"
"P040031166","AHRMNXQ"," ",21.2594,19.221,21.255,18.921,"0226"
"P040031166","AHRMNXR"," ",8.0426,6.938,8.051,6.802,"0226"
"P040031166","AHRMNXS"," ",9.4965,8.527,9.575,8.399,"0226"
"P040031166","AHRMNXT"," ",81.8216,72.674,83.253,71.114,"0226"
"P040031166","AHRMNXU"," ",24.645,22.012,25.284,21.529,"0226"
"P040031166","AHRMNXV"," ",314.3269,277.251,319.002,271.095,"0226"
"P040031166","AHRMNXW"," ",107.9432,96.405,110.193,94.372,"0226"
"P040031166","AHRMNXX"," ",281.3953,248.986,285.049,243.669,"0226"
"P040031166","AHRMNXY"," ",68.6193,60.355,69.075,59.07,"0226"
"P040031166","AHRMNXZ"," ",29.2166,26.216,29.995,25.658,"0226"
"P040031166","AHRMNYA"," ",314.3269,277.045,317.662,271.056,"0226"
"P040031166","AHRMNYB"," ",38.0552,33.896,37.642,33.344,"0226"
"P040031166","AHRMNYC"," ",34.2796,29.924,33.244,29.435,"0226"
"P040031166","AHRMNYD"," ",37.8907,33.773,38.766,33.037,"0226"
"P040031166","AHRMNYE"," ",43.8165,39.043,44.66,38.215,"0226"
"P040031166","AHRMNYF"," ",711.8717,643.937,726.806,631.719,"0226"
"P040031166","AHRMNYG"," ",73.8155,65.068,72.395,63.988,"0226"
"P040031166","AHRMNYH"," ",73.8155,65.169,72.495,64.088,"0226"
"P040031166","AHRMNYI"," ",80.6285,70.483,76.952,69.529,"0226"
"P040031166","AHRMNYJ"," ",47.9121,42.984,48.02,42.241,"0226"
"P040031166","AHRMNYK"," ",80.6285,71.159,79.454,69.937,"0226"
"P040031166","AHRMNYL"," ",80.6285,70.327,76.373,69.436,"0226"
"P040031166","AHRMNYM"," ",47.9121,42.891,47.731,42.177,"0226"
"P040031166","AHRMNYN"," ",80.6285,71.059,79.065,69.879,"0226"
"P040031166","AHRMNYO"," ",25.444,22.097,24.561,21.734,"0226"
"P040031166","AHRMNYP"," ",25.444,22.061,24.525,21.698,"0226"
"P040031166","AHRMNYQ"," ",1114.9105,959.091,1064.515,943.548,"0226"
"P040031166","AHRMNYT"," ",31.1374,25.467,28.961,25.039,"0226"
"P040031166","AHRMNYU"," ",25.6087,20.822,23.759,20.463,"0226"
"P040031190","AHSQCWP"," ",17.0456,13.241,17.346,12.836,"0228"
"P040031190","AHSQCWQ"," ",46.4267,35.323,46.071,34.263,"0228"
"P040031190","AHSQCWR"," ",16.292,12.546,16.648,12.142,"0228"
"P040031190","AHSQCWS"," ",44.6463,33.838,44.752,32.762,"0228"
"P040031190","AHSQCWW"," ",11.6421,9.167,11.806,8.907,"0228"
"P040031190","AHSQCWX"," ",11.6421,9.138,11.842,8.871,"0228"
"P040031190","AHSQCWY"," ",12.8146,10.237,13.084,9.956,"0228"
"P040031190","AHSQCWZ"," ",12.8146,10.211,13.19,9.917,"0228"
"P040031190","AHSQCXB"," ",9.2802,7.574,9.513,7.382,"0228"
"P040031190","AHSQCXC"," ",10.0374,9.11,10.034,8.938,"0228"
"P040031190","AHSQCXE"," ",9.4965,8.885,9.716,8.731,"0228"
"P040031190","AHSQCXF"," ",39.544,28.842,39.663,27.775,"0228"
"P040031190","AHSQCXG"," ",24.7743,18.698,25.606,18.017,"0228"
"P040031190","AHSQCXH"," ",40.4196,29.53,40.595,28.439,"0228"
"P040031190","AHSQCXI"," ",44.0434,32.225,44.107,31.054,"0228"
"P040031190","AHSQCXJ"," ",40.1181,29.334,40.372,28.247,"0228"
"P040031190","AHSQCXK"," ",52.6173,38.554,52.628,37.167,"0228"
"P040031190","AHSQCXL"," ",28.9176,21.779,29.538,21.014,"0228"
"P040031190","AHSQCXM"," ",42.7184,31.268,42.709,30.141,"0228"
"P040031190","AHSQCXN"," ",30.9473,22.895,29.203,22.273,"0228"
"P040031190","AHSQCXO"," ",31.0976,23.005,29.344,22.38,"0228"
"P040031190","AHSQCXP"," ",32.3566,23.743,32.771,22.853,"0228"
"P040031190","AHSQCXQ"," ",36.8665,27.056,37.136,26.063,"0228"
"P040031190","AHSQCXR"," ",730.6085,535.379,716.269,517.551,"0228"
"P040031190","AHSQCXV"," ",73.8155,55.907,71.327,54.387,"0228"
"P040031190","AHSQCXW"," ",73.8155,56.011,71.431,54.491,"0228"
"P040031190","AHSQCXX"," ",80.6285,61.657,75.274,60.315,"0228"
"P040031190","AHSQCXY"," ",47.9121,36.843,47.444,35.798,"0228"
"P040031190","AHSQCXZ"," ",80.6285,60.928,78.385,59.207,"0228"
"P040031190","AHSQCYA"," ",80.6285,61.834,74.559,60.58,"0228"
"P040031190","AHSQCYB"," ",47.9121,36.9,47.088,35.895,"0228"
"P040031190","AHSQCYC"," ",80.6285,61.051,77.901,59.39,"0228"
"P040031190","AHSQCYD"," ",25.444,18.986,24.173,18.475,"0228"
"P040031190","AHSQCYE"," ",25.444,18.947,24.133,18.436,"0228"
"P040031190","AHSQCYF"," ",1114.9105,824.421,1046.316,802.552,"0228"
"P040031190","AHSQCYG"," ",29.0996,24.575,27.154,24.096,"0228"
"P040031190","AHSQCYH"," ",28.3734,23.974,26.627,23.481,"0228"
"P040031234","AHVNGCZ"," ",15.025,14.858,16.35,14.687,"0228"
"P040031234","AHVNGDA"," ",39.7804,39.549,43.583,39.089,"0228"
"P040031234","AHVNGDB"," ",12.2744,11.822,13.053,11.682,"0228"
"P040031234","AHVNGDC"," ",42.8523,42.511,46.812,42.02,"0228"
"P040031234","AHVNGDD"," ",11.1247,11.4,12.322,11.295,"0228"
"P040031234","AHVNGDE"," ",36.0078,35.033,37.926,34.703,"0228"
"P040031234","AHVNGDF"," ",12.3179,12.509,13.504,12.396,"0228"
"P040031234","AHVNGDG"," ",57.1962,57.199,62.309,56.615,"0228"
"P040031234","AHVNGDI"," ",51.905,51.892,56.041,51.419,"0228"
"P040031234","AHVNGDK"," ",10.5374,10.749,12.187,10.66,"0228"
"P040031234","AHVNGDL"," ",7.6191,7.467,8.411,7.408,"0228"
"P040031234","AHVNGDQ"," ",33.4615,32.943,36.656,32.519,"0228"
"P040031234","AHVNGDR"," ",20.2658,20.831,23.166,20.564,"0228"
"P040031234","AHVNGDS"," ",43.9876,44.081,48.957,43.524,"0228"
"P040031234","AHVNGDT"," ",37.2689,36.85,40.927,36.385,"0228"
"P040031234","AHVNGDU"," ",84.0498,83.805,93.088,82.744,"0228"
"P040031234","AHVNGDV"," ",38.5609,38.785,42.932,38.311,"0228"
"P040031234","AHVNGDW"," ",25.6602,26.343,29.173,26.02,"0228"
"P040031234","AHVNGDX"," ",60.6472,60.93,67.495,60.18,"0228"
"P040031234","AHVNGDY"," ",56.7127,55.858,60.154,55.367,"0228"
"P040031234","AHVNGDZ"," ",28.7081,27.704,29.879,27.456,"0228"
"P040031234","AHVNGFA"," ",27.3797,27.665,30.762,27.311,"0228"
"P040031234","AHVNGFB"," ",36.1401,36.566,40.56,36.11,"0228"
"P040031234","AHVNGFC"," ",618.2308,600.99,663.053,593.902,"0228"
"P040031234","AHVNGFI"," ",67.8577,66.879,72.17,66.275,"0228"
"P040031234","AHVNGFJ"," ",67.8577,66.978,72.269,66.374,"0228"
"P040031234","AHVNGFK"," ",74.1207,72.486,77.158,71.952,"0228"
"P040031234","AHVNGFL"," ",33.9149,33.14,35.84,32.831,"0228"
"P040031234","AHVNGFM"," ",116.3337,114.537,123.718,113.488,"0228"
"P040031234","AHVNGFN"," ",67.4612,63.564,67.629,63.1,"0228"
"P040031234","AHVNGFO"," ",44.0449,44.058,47.554,43.659,"0228"
"P040031234","AHVNGFP"," ",148.7829,146.963,158.201,145.68,"0228"
"P040031234","AHVNGFQ"," ",23.489,22.824,24.604,22.621,"0228"
"P040031234","AHVNGFR"," ",23.489,22.788,24.568,22.585,"0228"
"P040031234","AHVNGFS"," ",1024.9228,986.501,1062.632,977.806,"0228"
"P040031234","AHVNGFU"," ",18.5417,18.294,20.268,18.171,"0228"
"P040031234","AHVNGFV"," ",20.598,20.316,22.51,20.179,"0228"
"P040031275","AHXGWQV"," ",16.4739,12.367,16.876,12.142,"0228"
"P040031275","AHXGWQW"," ",36.633,25.712,36.836,25.157,"0228"
"P040031275","AHXGWQX"," ",15.6739,11.672,16.035,11.454,"0228"
"P040031275","AHXGWQY"," ",22.9531,16.91,23.101,16.601,"0228"
"P040031275","AHXGWRB"," ",11.2834,8.51,11.407,8.366,"0228"
"P040031275","AHXGWRC"," ",18.1214,12.928,17.843,12.683,"0228"
"P040031275","AHXGWRD"," ",12.0601,9.088,12.097,8.938,"0228"
"P040031275","AHXGWRE"," ",12.0601,9.014,12.162,8.857,"0228"
"P040031275","AHXGWRF"," ",13.7165,9.742,13.089,9.575,"0228"
"P040031275","AHXGWRG"," ",7.8584,8.008,8.914,7.95,"0228"
"P040031275","AHXGWRH"," ",8.2405,7.91,8.822,7.851,"0228"
"P040031275","AHXGWTQ"," ",36.9585,25.471,37.239,24.884,"0228"
"P040031275","AHXGWTR"," ",23.1545,16.535,24.047,16.16,"0228"
"P040031275","AHXGWTS"," ",37.7769,25.984,38.016,25.384,"0228"
"P040031275","AHXGWTT"," ",41.1638,28.749,41.668,28.104,"0228"
"P040031275","AHXGWTU"," ",37.4951,25.94,37.942,25.341,"0228"
"P040031275","AHXGWTV"," ",49.1771,34.15,49.454,33.386,"0228"
"P040031275","AHXGWTW"," ",27.027,19.297,27.734,18.876,"0228"
"P040031275","AHXGWTX"," ",39.9254,27.623,40.063,27.002,"0228"
"P040031275","AHXGWTY"," ",29.9367,21.38,28.24,21.038,"0228"
"P040031275","AHXGWTZ"," ",30.0821,21.486,28.379,21.142,"0228"
"P040031275","AHXGWVA"," ",30.2411,21.037,30.854,20.547,"0228"
"P040031275","AHXGWVB"," ",34.4561,23.896,34.857,23.349,"0228"
"P040031275","AHXGWVC"," ",682.8404,475.388,672.089,465.572,"0228"
"P040031275","AHXGWVD"," ",71.2834,52.143,68.911,51.306,"0228"
"P040031275","AHXGWVE"," ",71.2834,52.249,69.017,51.412,"0228"
"P040031275","AHXGWVF"," ",77.8627,57.987,72.794,57.248,"0228"
"P040031275","AHXGWVG"," ",46.2686,34.333,45.861,33.758,"0228"
"P040031275","AHXGWVH"," ",77.8627,56.742,75.725,55.795,"0228"
"P040031275","AHXGWVI"," ",77.8627,58.279,72.116,57.588,"0228"
"P040031275","AHXGWVJ"," ",46.2686,34.446,45.525,33.893,"0228"
"P040031275","AHXGWVK"," ",77.8627,56.94,75.263,56.025,"0228"
"P040031275","AHXGWVL"," ",24.6131,17.728,23.368,17.447,"0228"
"P040031275","AHXGWVM"," ",24.6131,17.692,23.331,17.41,"0228"
"P040031275","AHXGWVN"," ",1076.6658,769.009,1010.299,756.968,"0228"
"P040031275","AHXGWVO"," ",18.9778,18.507,20.314,18.39,"0228"
"P040031275","AHXGWVP"," ",17.022,16.704,18.345,16.598,"0228"
"P040031346","AJBSBKA"," ",17.3021,14.403,17.375,14.093,"0229"
"P040031346","AJBSBKB"," ",48.5353,39.75,48.061,38.883,"0229"
"P040031346","AJBSBKC"," ",16.5055,13.686,16.622,13.379,"0229"
"P040031346","AJBSBKD"," ",46.7603,38.326,46.586,37.464,"0229"
"P040031346","AJBSBKE"," ",11.4053,9.621,11.573,9.417,"0229"
"P040031346","AJBSBKF"," ",24.9377,20.765,25.144,20.308,"0229"
"P040031346","AJBSBKG"," ",12.5014,10.595,12.693,10.376,"0229"
"P040031346","AJBSBKH"," ",37.3932,30.944,37.371,30.274,"0229"
"P040031346","AJBSBKI"," ",22.2345,18.443,22.034,18.069,"0229"
"P040031346","AJBSBKJ"," ",9.5308,8.715,9.236,8.572,"0229"
"P040031346","AJBSBKN"," ",5.3946,5.657,5.973,5.571,"0229"
"P040031346","AJBSBKO"," ",25.9621,23.796,31.077,23.796,"0229"
"P040031346","AJBSBKP"," ",16.2652,15.191,19.84,15.191,"0229"
"P040031346","AJBSBKQ"," ",26.537,24.33,31.775,24.33,"0229"
"P040031346","AJBSBKR"," ",28.9162,26.125,34.119,26.125,"0229"
"P040031346","AJBSBKS"," ",26.339,24.27,31.696,24.27,"0229"
"P040031346","AJBSBKT"," ",34.5452,30.946,40.415,30.946,"0229"
"P040031346","AJBSBKU"," ",18.9855,17.061,22.282,17.061,"0229"
"P040031346","AJBSBKV"," ",28.0462,25.157,32.855,25.157,"0229"
"P040031346","AJBSBKW"," ",25.6367,20.168,24.413,19.726,"0229"
"P040031346","AJBSBKX"," ",25.7612,20.265,24.53,19.82,"0229"
"P040031346","AJBSBKY"," ",21.2434,19.851,25.926,19.851,"0229"
"P040031346","AJBSBKZ"," ",24.2043,22.164,28.946,22.164,"0229"
"P040031346","AJBSBLA"," ",479.6724,397.749,519.46,397.749,"0229"
"P040031346","AJBSBLB"," ",60.5096,49.042,59.418,47.96,"0229"
"P040031346","AJBSBLC"," ",60.5096,49.138,59.514,48.055,"0229"
"P040031346","AJBSBLD"," ",66.0945,53.66,62.822,52.704,"0229"
"P040031346","AJBSBLE"," ",39.2755,32.687,39.819,31.943,"0229"
"P040031346","AJBSBLF"," ",66.0945,53.6,65.346,52.375,"0229"
"P040031346","AJBSBLG"," ",66.0945,53.646,62.208,52.752,"0229"
"P040031346","AJBSBLH"," ",39.2755,32.609,39.464,31.894,"0229"
"P040031346","AJBSBLI"," ",66.0945,53.58,64.918,52.397,"0229"
"P040031346","AJBSBLJ"," ",21.0778,16.713,20.203,16.349,"0229"
"P040031346","AJBSBLK"," ",21.0778,16.68,20.17,16.316,"0229"
"P040031346","AJBSBLL"," ",913.9379,718.858,868.158,703.279,"0229"
"P040031346","AJBSBLM"," ",17.6043,14.568,15.446,14.329,"0229"
"P040031346","AJBSBLN"," ",16.1615,13.332,14.161,13.105,"0229"
"P040031346","AJBSBLO"," ",12.448,12.448,13.232,12.363,"0229"
"P040031346","AJBSBLP"," ",5.5492,5.061,5.388,4.972,"0229"
"P040031346","AJBSBLQ"," ",6.8548,6.455,6.858,6.345,"0229"
"P040031356","AJCDZMO"," ",6.247,5.409,6.117,4.985,"0229"
"P040031356","AJCDZMP"," ",7.5515,6.817,7.674,6.306,"0229"
"P040031356","AJCFBFT"," ",9.6802,8.485,9.991,8.298,"0229"
"P040031356","AJCFBFU"," ",73.5389,63.628,75.049,62.212,"0229"
"P040031356","AJCFBFV"," ",9.4358,8.173,9.632,7.992,"0229"
"P040031356","AJCFBFW"," ",70.6134,60.948,71.745,59.61,"0229"
"P040031356","AJCFBFX"," ",6.9329,6.093,7.049,5.975,"0229"
"P040031356","AJCFBFY"," ",55.8231,48.716,56.425,47.76,"0229"
"P040031356","AJCFBFZ"," ",7.8192,6.957,8.021,6.826,"0229"
"P040031356","AJCFBGA"," ",75.189,65.229,75.549,63.95,"0229"
"P040031356","AJCFBGB"," ",20.0324,17.748,20.096,17.457,"0229"
"P040031356","AJCFBGC"," ",13.3879,12.55,14.305,11.501,"0229"
"P040031356","AJCFBGD"," ",13.9923,12.194,13.94,11.15,"0229"
"P040031356","AJCFBGE"," ",48.0117,41.028,47.282,40.253,"0229"
"P040031356","AJCFBGF"," ",22.2744,19.587,22.545,19.22,"0229"
"P040031356","AJCFBGG"," ",121.7425,105.655,121.303,103.715,"0229"
"P040031356","AJCFBGH"," ",70.9407,61.027,70.206,59.889,"0229"
"P040031356","AJCFBGI"," ",101.9962,90.005,103.061,88.387,"0229"
"P040031356","AJCFBGJ"," ",65.0196,55.319,63.474,54.308,"0229"
"P040031356","AJCFBGK"," ",26.2917,22.938,26.344,22.516,"0229"
"P040031356","AJCFBGL"," ",117.6831,101.408,116.216,99.573,"0229"
"P040031356","AJCFBGM"," ",43.6517,37.318,41.479,36.803,"0229"
"P040031356","AJCFBGN"," ",34.5104,29.088,32.318,28.687,"0229"
"P040031356","AJCFBGO"," ",40.0646,34.516,39.794,33.862,"0229"
"P040031356","AJCFBGP"," ",36.625,31.92,36.643,31.335,"0229"
"P040031356","AJCFBGQ"," ",736.9336,658.9,745.344,648.186,"0229"
"P040031356","AJCFBGR"," ",102.3063,88.098,100.67,86.54,"0229"
"P040031356","AJCFBGS"," ",75.9713,65.775,74.162,64.736,"0229"
"P040031356","AJCFBGT"," ",54.5612,46.389,52.486,45.633,"0229"
"P040031356","AJCFBGU"," ",23.802,20.563,23.594,20.187,"0229"
"P040031356","AJCFBGV"," ",95.8911,82.764,94.647,81.291,"0229"
"P040031356","AJCFBGW"," ",64.0311,54.851,61.557,54.02,"0229"
"P040031356","AJCFBGX"," ",26.0893,22.459,25.623,22.067,"0229"
"P040031356","AJCFBGY"," ",115.3215,99,112.508,97.326,"0229"
"P040031356","AJCFBGZ"," ",23.5744,20.573,23.448,20.216,"0229"
"P040031356","AJCFBHA"," ",39.5212,33.524,38.148,32.951,"0229"
"P040031356","AJCFBHB"," ",624.614,558.957,631.281,549.993,"0229"
"P040031356","AJCFBHC"," ",25.7544,22.206,25.057,20.503,"0229"
"P040031356","AJCFBHD"," ",26.8175,22.89,26,21.032,"0229"
"P040031369","AJCYQSP"," ",16.1681,16.677,19.065,16.473,"0230"
"P040031369","AJCYQSQ"," ",41.0375,41.733,47.447,41.243,"0230"
"P040031369","AJCYQSR"," ",14.4782,14.508,16.668,14.322,"0230"
"P040031369","AJCYQSS"," ",35.4776,37.148,42.474,36.691,"0230"
"P040031369","AJCYQST"," ",9.6843,11.155,12.363,11.051,"0230"
"P040031369","AJCYQSU"," ",17.3004,18.219,20.519,18.022,"0230"
"P040031369","AJCYQSV"," ",10.6596,12.225,13.529,12.113,"0230"
"P040031369","AJCYQSW"," ",24.5814,26.19,29.162,25.935,"0230"
"P040031369","AJCYQSX"," ",13.7417,14.719,16.465,14.569,"0230"
"P040031369","AJCYQTC"," ",6.8698,7.563,8.531,7.467,"0230"
"P040031369","AJCYQTD"," ",7.6992,7.817,8.875,7.711,"0230"
"P040031369","AJCYQTE"," ",25.9621,26.433,31.386,26.008,"0230"
"P040031369","AJCYQTF"," ",16.2652,18.142,21.304,17.871,"0230"
"P040031369","AJCYQTG"," ",43.7508,46.104,54.365,45.395,"0230"
"P040031369","AJCYQTH"," ",28.9162,29.389,34.826,28.922,"0230"
"P040031369","AJCYQTI"," ",48.9001,49.906,59.417,49.09,"0230"
"P040031369","AJCYQTJ"," ",34.5452,35.286,41.727,34.733,"0230"
"P040031369","AJCYQTK"," ",18.9855,20.897,24.448,20.592,"0230"
"P040031369","AJCYQTL"," ",54.1201,54.705,64.814,53.837,"0230"
"P040031369","AJCYQTM"," ",25.6367,25.25,28.138,25.003,"0230"
"P040031369","AJCYQTN"," ",25.7612,25.366,28.268,25.118,"0230"
"P040031369","AJCYQTO"," ",21.2434,21.904,26.036,21.55,"0230"
"P040031369","AJCYQTP"," ",24.2043,24.92,29.533,24.524,"0230"
"P040031369","AJCYQTQ"," ",479.6724,472.899,555.687,465.796,"0230"
"P040031369","AJCYQTR"," ",60.5096,63.183,70.24,62.578,"0230"
"P040031369","AJCYQTS"," ",146.5325,141.233,158.662,139.738,"0230"
"P040031369","AJCYQTT"," ",66.0945,68.629,74.861,68.094,"0230"
"P040031369","AJCYQTU"," ",39.2755,43.022,47.873,42.605,"0230"
"P040031369","AJCYQTV"," ",173.7397,176.333,197.092,174.552,"0230"
"P040031369","AJCYQTW"," ",66.0945,68.404,74.228,67.904,"0230"
"P040031369","AJCYQTX"," ",39.2755,42.787,47.45,42.387,"0230"
"P040031369","AJCYQTY"," ",173.7397,176.191,196.173,174.477,"0230"
"P040031369","AJCYQTZ"," ",21.0778,21.082,23.456,20.878,"0230"
"P040031369","AJCYQVA"," ",21.0778,20.999,23.373,20.795,"0230"
"P040031369","AJCYQVB"," ",913.9379,898.49,1000.045,889.777,"0230"
"P040031369","AJCYQVC"," ",22.4583,22.642,25.303,22.376,"0230"
"P040031369","AJCYQVD"," ",16.1615,16.017,17.991,15.82,"0230"
"P040031381","AJDGMQG"," ",19.1243,19.632,21.233,19.477,"0229"
"P040031381","AJDGMQH"," ",21.776,21.906,24.1,21.694,"0229"
"P040031381","AJDGMQI"," ",17.9863,18.443,20.036,18.288,"0229"
"P040031381","AJDGMQJ"," ",34.5175,34.625,38.1,34.288,"0229"
"P040031381","AJDGMQK"," ",13.1384,13.577,14.671,13.471,"0229"
"P040031381","AJDGMQL"," ",33.3414,33.389,36.45,33.093,"0229"
"P040031381","AJDGMQM"," ",14.4435,14.756,15.917,14.644,"0229"
"P040031381","AJDGMQN"," ",38.339,39.26,42.758,38.921,"0229"
"P040031381","AJDGMRA"," ",10.6824,11.179,12.011,11.099,"0229"
"P040031381","AJDGMRG"," ",9.1786,9.264,9.893,9.197,"0229"
"P040031381","AJDGMRI"," ",9.6686,9.583,10.199,9.518,"0229"
"P040031381","AJDGMRN"," ",45.4441,45.35,49.736,44.926,"0229"
"P040031381","AJDGMRO"," ",28.4707,28.734,31.533,28.462,"0229"
"P040031381","AJDGMRP"," ",46.4504,46.32,50.803,45.885,"0229"
"P040031381","AJDGMRQ"," ",50.6148,50.655,55.469,50.188,"0229"
"P040031381","AJDGMRR"," ",46.1038,46.088,50.56,45.654,"0229"
"P040031381","AJDGMRS"," ",60.4679,60.474,66.177,59.921,"0229"
"P040031381","AJDGMRT"," ",33.2322,33.556,36.7,33.252,"0229"
"P040031381","AJDGMRU"," ",49.0921,49.013,53.649,48.564,"0229"
"P040031381","AJDGMRV"," ",33.2509,33.166,35.722,32.918,"0229"
"P040031381","AJDGMRW"," ",33.4123,33.325,35.894,33.076,"0229"
"P040031381","AJDGMRX"," ",37.1843,37.178,40.836,36.823,"0229"
"P040031381","AJDGMRY"," ",42.3671,42.261,46.345,41.865,"0229"
"P040031381","AJDGMRZ"," ",839.618,834.426,907.726,827.324,"0229"
"P040031381","AJDGMVA"," ",79.5872,80.617,86.865,80.011,"0229"
"P040031381","AJDGMVB"," ",79.5872,80.701,86.95,80.096,"0229"
"P040031381","AJDGMVC"," ",86.9329,88.089,93.606,87.554,"0229"
"P040031381","AJDGMVD"," ",51.6584,52.999,57.295,52.583,"0229"
"P040031381","AJDGMVE"," ",86.9329,88.099,95.173,87.414,"0229"
"P040031381","AJDGMVF"," ",86.9329,88.061,93.217,87.561,"0229"
"P040031381","AJDGMVG"," ",51.6584,52.937,57.066,52.537,"0229"
"P040031381","AJDGMVH"," ",86.9329,88.066,94.894,87.405,"0229"
"P040031381","AJDGMVI"," ",27.338,27.374,29.476,27.17,"0229"
"P040031381","AJDGMVJ"," ",27.338,27.345,29.447,27.142,"0229"
"P040031381","AJDGMVK"," ",1202.0862,1197.981,1287.896,1189.268,"0229"
"P040031381","AJDGMVL"," ",20.0389,19.84,20.94,19.724,"0229"
"P040031381","AJDGMVM"," ",18.3965,18.183,19.223,18.073,"0229"
"P040031395","AJDTVMI"," ",17.9536,18.231,18.398,18.065,"0230"
"P040031395","AJDTVMJ"," ",31.9868,35.173,35.499,34.847,"0230"
"P040031395","AJDTVMK"," ",17.267,17.42,17.584,17.256,"0230"
"P040031395","AJDTVML"," ",48.5707,47.611,48.064,47.159,"0230"
"P040031395","AJDTVMQ"," ",12.3642,12.515,12.622,12.409,"0230"
"P040031395","AJDTVMR"," ",15.5747,14.428,14.57,14.287,"0230"
"P040031395","AJDTVMS"," ",14.1797,14.195,14.315,14.075,"0230"
"P040031395","AJDTVMT"," ",14.1797,14.881,15.007,14.755,"0230"
"P040031395","AJDTVMV"," ",9.8024,10.278,10.358,10.198,"0230"
"P040031395","AJDTVMX"," ",17.6332,15.194,18.168,14.735,"0230"
"P040031395","AJDTVMZ"," ",9.039,7.049,8.418,6.838,"0230"
"P040031395","AJDTVNA"," ",52.227,49.068,49.58,48.557,"0230"
"P040031395","AJDTVNB"," ",26.2209,26.307,26.568,26.047,"0230"
"P040031395","AJDTVNC"," ",102.6385,99.844,100.836,98.855,"0230"
"P040031395","AJDTVND"," ",74.8558,71.258,71.993,70.525,"0230"
"P040031395","AJDTVNE"," ",109.7821,107.083,108.144,106.024,"0230"
"P040031395","AJDTVNF"," ",63.2784,59.437,60.038,58.837,"0230"
"P040031395","AJDTVNG"," ",27.8815,27.764,28.036,27.492,"0230"
"P040031395","AJDTVNH"," ",120.3023,116.345,117.48,115.212,"0230"
"P040031395","AJDTVNI"," ",46.1689,41.906,42.262,41.551,"0230"
"P040031395","AJDTVNJ"," ",35.2091,31.34,31.608,31.072,"0230"
"P040031395","AJDTVNK"," ",41.5319,40.188,40.599,39.777,"0230"
"P040031395","AJDTVNL"," ",45.86,44.355,44.79,43.922,"0230"
"P040031395","AJDTVNM"," ",751.2296,738.632,745.304,731.973,"0230"
"P040031395","AJDTVNN"," ",77.7006,71.349,71.954,70.745,"0230"
"P040031395","AJDTVNO"," ",77.7006,71.556,72.161,70.951,"0230"
"P040031395","AJDTVNP"," ",84.8721,75.339,75.874,74.806,"0230"
"P040031395","AJDTVNQ"," ",50.4338,48.527,48.943,48.112,"0230"
"P040031395","AJDTVNR"," ",84.8721,78.538,79.223,77.854,"0230"
"P040031395","AJDTVNS"," ",84.8721,74.525,75.025,74.027,"0230"
"P040031395","AJDTVNT"," ",50.4338,48.032,48.432,47.633,"0230"
"P040031395","AJDTVNU"," ",84.8721,77.954,78.615,77.294,"0230"
"P040031395","AJDTVNV"," ",26.7189,23.675,23.879,23.472,"0230"
"P040031395","AJDTVNW"," ",26.7189,23.602,23.806,23.399,"0230"
"P040031395","AJDTVNX"," ",1173.59,1020.61,1029.323,1011.915,"0230"
"P040031395","AJDTVNY"," ",28.9081,23.848,27.693,23.255,"0230"
"P040031395","AJDTVNZ"," ",25.6378,20.777,24.316,20.231,"0230"
"P050031046","AHQSXDH"," ",12.7506,15.191,15.647,15.191,"0226"
"P050031046","AHQSXDJ"," ",20.3521,23.796,24.509,23.796,"0226"
"P050031046","AHQSXDK"," ",20.8027,24.33,25.06,24.33,"0226"
"P050031046","AHQSXDL"," ",22.6678,26.125,26.909,26.125,"0226"
"P050031046","AHQSXDM"," ",41.3188,48.66,50.119,48.66,"0226"
"P050031046","AHQSXDN"," ",27.0805,30.946,31.874,30.946,"0226"
"P050031046","AHQSXDO"," ",14.883,17.061,17.573,17.061,"0226"
"P050031046","AHQSXDP"," ",73.9247,83.033,85.524,83.033,"0226"
"P050031046","AHQSXDQ"," ",23.4421,14.116,14.532,13.871,"0226"
"P050031046","AHQSXDR"," ",23.5559,14.183,14.602,13.938,"0226"
"P050031046","AHQSXDS"," ",16.6529,19.851,20.447,19.851,"0226"
"P050031046","AHQSXDT"," ",18.974,22.164,22.829,22.164,"0226"
"P050031046","AHQSXDU"," ",376.0215,397.749,409.682,397.749,"0226"
"P050031046","AHQSXYG"," ",55.011,34.466,35.484,33.907,"0226"
"P050031046","AHQSXYH"," ",133.6987,84.179,86.677,83.272,"0226"
"P050031046","AHQSXYI"," ",60.0884,38.707,39.606,37.847,"0226"
"P050031046","AHQSXYJ"," ",35.7065,23.309,24.008,23.309,"0226"
"P050031046","AHQSXYK"," ",60.0884,38.386,39.537,38.386,"0226"
"P050031046","AHQSXYL"," ",60.0884,39.002,39.842,38.198,"0226"
"P050031046","AHQSXYM"," ",35.7065,23.183,23.855,22.539,"0226"
"P050031046","AHQSXYN"," ",215.1293,133.378,137.267,129.651,"0226"
"P050031046","AHQSXYO"," ",19.2734,11.767,12.109,11.439,"0226"
"P050031046","AHQSXYP"," ",19.2734,11.73,12.073,11.404,"0226"
"P050031046","AHQSXYQ"," ",830.8868,499.118,513.755,487.911,"0226"
"P050031046","AHQSYLQ"," ",13.323,8.869,9.132,8.764,"0226"
"P050031046","AHQSYLR"," ",20.8069,13.405,13.79,13.036,"0226"
"P050031046","AHQSYLS"," ",12.5602,8.819,9.083,8.819,"0226"
"P050031046","AHQSYLT"," ",18.9337,12.634,13.013,12.634,"0226"
"P050031046","AHQSYLU"," ",9.5184,6.588,6.769,6.415,"0226"
"P050031046","AHQSYLV"," ",9.5184,6.404,6.59,6.225,"0226"
"P050031046","AHQSYLW"," ",10.8377,7.597,7.79,7.413,"0226"
"P050031046","AHQSYLX"," ",10.8377,7.596,7.798,7.402,"0226"
"P050031046","AHQSYLY"," ",7.7587,5.576,5.719,5.486,"0226"
"P050031046","AHQSYLZ"," ",5.3263,4.876,5.64,4.759,"0226"
"P050031046","AHQSYMA"," ",5.4268,5.317,6.08,5.2,"0226"
"P050031046","AHQSYMC"," ",16.9023,14.301,16.498,13.964,"0226"
"P050031046","AHQSYMD"," ",15.5171,13.074,15.152,12.755,"0226"
"P050031055","AHRBFFJ"," ",15.2923,13.995,15.928,12.584,"0226"
"P050031055","AHRBFFK"," ",41.7602,37.296,42.392,33.579,"0226"
"P050031055","AHRBFFL"," ",14.5497,13.264,15.135,11.899,"0226"
"P050031055","AHRBFFM"," ",39.7381,35.511,40.4,31.945,"0226"
"P050031055","AHRBFFO"," ",10.5497,9.597,10.839,8.69,"0226"
"P050031055","AHRBFFP"," ",21.7268,19.301,21.856,17.438,"0226"
"P050031055","AHRBFFQ"," ",11.2759,10.276,11.566,9.334,"0226"
"P050031055","AHRBFFR"," ",30.2845,26.941,30.334,24.466,"0226"
"P050031055","AHRBFFS"," ",20.7143,18.386,20.383,16.929,"0226"
"P050031055","AHRBFGI"," ",9.1343,7.917,9.235,7.778,"0226"
"P050031055","AHRBFGU"," ",8.7105,7.953,9.148,7.827,"0226"
"P050031055","AHRBFGX"," ",31.8705,27.851,32.899,24.17,"0226"
"P050031055","AHRBFGY"," ",19.9669,18.168,21.39,15.818,"0226"
"P050031055","AHRBFGZ"," ",32.5762,28.431,33.592,24.667,"0226"
"P050031055","AHRBFHA"," ",35.4968,31.14,36.681,27.098,"0226"
"P050031055","AHRBFHB"," ",32.3332,28.327,33.475,24.572,"0226"
"P050031055","AHRBFHC"," ",42.4069,37.223,43.787,32.435,"0226"
"P050031055","AHRBFHD"," ",23.3062,21.105,24.724,18.466,"0226"
"P050031055","AHRBFHE"," ",34.4289,30.075,35.411,26.183,"0226"
"P050031055","AHRBFHF"," ",27.9452,23.735,26.678,21.589,"0226"
"P050031055","AHRBFHG"," ",28.0809,23.846,26.803,21.69,"0226"
"P050031055","AHRBFHH"," ",26.0779,23.029,27.24,19.958,"0226"
"P050031055","AHRBFHI"," ",29.7126,26.186,30.887,22.757,"0226"
"P050031055","AHRBFHJ"," ",588.8349,510.2,594.566,448.663,"0226"
"P050031055","AHRBFHK"," ",66.2937,57.773,64.965,52.527,"0226"
"P050031055","AHRBFHL"," ",66.2937,57.873,65.065,52.627,"0226"
"P050031055","AHRBFHM"," ",72.4124,62.427,68.777,57.794,"0226"
"P050031055","AHRBFHN"," ",43.0298,38.316,43.26,34.709,"0226"
"P050031055","AHRBFHO"," ",72.4124,63.216,71.358,57.277,"0226"
"P050031055","AHRBFHP"," ",72.4124,62.245,68.179,57.916,"0226"
"P050031055","AHRBFHQ"," ",43.0298,38.208,42.96,34.742,"0226"
"P050031055","AHRBFHR"," ",72.4124,63.091,70.95,57.359,"0226"
"P050031055","AHRBFHS"," ",22.9758,19.665,22.084,17.9,"0226"
"P050031055","AHRBFHT"," ",22.9758,19.628,22.047,17.864,"0226"
"P050031055","AHRBFHU"," ",1001.301,847.782,951.271,772.295,"0226"
"P050031055","AHRBFHV"," ",18.3435,14.327,16.748,14.072,"0226"
"P050031055","AHRBFHW"," ",16.8401,13.118,15.408,12.877,"0226"
"P050031055","AHRBFMN"," ",7.7011,6.382,7.27,6.288,"0226"
"P050031055","AHRBFMO"," ",9.4149,7.814,8.898,7.7,"0226"
"P090031110","AHXPQTN"," ",16.2145,17.538,19.697,17.375,"0228"
"P090031110","AHXPQTO"," ",51.6066,54.582,62.01,54.02,"0228"
"P090031110","AHXPQTP"," ",15.624,16.779,18.926,16.617,"0228"
"P090031110","AHXPQTQ"," ",23.087,24.561,27.698,24.323,"0228"
"P090031110","AHXPQTS"," ",10.6186,11.238,12.574,11.137,"0228"
"P090031110","AHXPQTT"," ",28.4575,30.249,33.853,29.977,"0228"
"P090031110","AHXPQTU"," ",12.2412,13.242,14.714,13.13,"0228"
"P090031110","AHXPQTV"," ",12.2412,13.253,14.794,13.137,"0228"
"P090031110","AHXPQTW"," ",15.3038,16.358,18.16,16.221,"0228"
"P090031110","AHXPQTX"," ",10.1561,10.42,11.818,10.335,"0228"
"P090031110","AHXPQTY"," ",12.3548,12.167,13.8,12.067,"0228"
"P090031110","AHXPQVK"," ",36.9585,38.783,44.385,38.359,"0228"
"P090031110","AHXPQVL"," ",23.1545,24.762,28.338,24.491,"0228"
"P090031110","AHXPQVM"," ",37.7769,39.537,45.265,39.103,"0228"
"P090031110","AHXPQVN"," ",41.1638,43.199,49.349,42.733,"0228"
"P090031110","AHXPQVO"," ",69.7633,75.061,85.525,74.269,"0228"
"P090031110","AHXPQVP"," ",49.1771,51.733,59.018,51.181,"0228"
"P090031110","AHXPQVQ"," ",27.027,29.034,33.051,28.73,"0228"
"P090031110","AHXPQVR"," ",39.9254,41.833,47.756,41.385,"0228"
"P090031110","AHXPQVS"," ",29.9367,31.091,34.356,30.843,"0228"
"P090031110","AHXPQVT"," ",30.0821,31.243,34.525,30.995,"0228"
"P090031110","AHXPQVU"," ",30.2411,31.847,36.52,31.493,"0228"
"P090031110","AHXPQVV"," ",34.4561,36.177,41.394,35.782,"0228"
"P090031110","AHXPQVW"," ",682.8404,718.267,811.908,711.178,"0228"
"P090031110","AHXPQVX"," ",71.2834,75.365,83.348,74.761,"0228"
"P090031110","AHXPQVY"," ",71.2834,75.453,83.436,74.849,"0228"
"P090031110","AHXPQVZ"," ",77.8627,82.046,89.095,81.512,"0228"
"P090031110","AHXPQWA"," ",46.2686,49.553,55.04,49.137,"0228"
"P090031110","AHXPQWB"," ",77.8627,82.347,91.385,81.663,"0228"
"P090031110","AHXPQWC"," ",77.8627,81.983,88.571,81.485,"0228"
"P090031110","AHXPQWD"," ",46.2686,49.503,54.778,49.104,"0228"
"P090031110","AHXPQWE"," ",77.8627,82.294,91.017,81.633,"0228"
"P090031110","AHXPQWF"," ",24.6131,25.711,28.396,25.508,"0228"
"P090031110","AHXPQWG"," ",24.6131,25.676,28.361,25.473,"0228"
"P090031110","AHXPQWH"," ",1076.6658,1116.35,1231.218,1107.655,"0228"
"P090031110","AHXPQWI"," ",18.9778,18.621,20.668,18.496,"0228"
"P090031110","AHXPQWJ"," ",37.563,37.413,41.779,37.147,"0228"
"P090031110","AHXPQWO"," ",16.0587,14.615,15.817,14.518,"0228"
"P120031482","AJYGXKZ"," ",15.726,12.546,16.004,12.122,"0244"
"P120031482","AJYGXLA"," ",43.2361,34.255,43.094,33.173,"0244"
"P120031482","AJYGXLB"," ",14.9772,11.972,15.329,11.561,"0244"
"P120031482","AJYGXLC"," ",41.388,32.852,41.354,31.811,"0244"
"P120031482","AJYGXLD"," ",9.2657,8.735,9.266,8.542,"0244"
"P620031797","AJYGWMX"," ",13.6532,13.703,14.703,13.588,"0244"
"P620031797","AJYGWMY"," ",13.6532,15.885,17.058,15.75,"0244"
"P730031704","AJYGVYY"," ",42.3632,38.28,38.28,37.897,"0244"
"P75FY31822","AJQFSGO"," ",8.4053,10.52,10.624,10.454,"0244"
"P75FY31822","AJQFSGP"," ",57.9082,66.727,67.39,66.31,"0244"
"P75FY31822","AJQFSGS"," ",12.983,16.609,18.877,16.476,"0244"
